reading	period	pairs	coincidences	null_mean	null_max	null_p_ge	structure	q001_EN	q001_RUNES	q001_HEX	q001_B64	verdict_EN	verdict_RUNES	verdict_HEX	verdict_B64
R	1	32640	127	127.464	190	0.51683	-	1259	1808	1947	450	EXCLUDED	EXCLUDED	EXCLUDED	EXCLUDED
R	2	16256	64	63.497	106	0.48315	-	621	905	943	211	EXCLUDED	EXCLUDED	EXCLUDED	EXCLUDED
R	3	10795	42	42.149	81	0.52479	-	404	568	611	133	EXCLUDED	EXCLUDED	EXCLUDED	EXCLUDED
R	4	8064	32	31.512	58	0.48220	-	303	430	450	95	EXCLUDED	EXCLUDED	EXCLUDED	EXCLUDED
R	5	6426	26	25.109	52	0.45170	-	237	341	350	73	EXCLUDED	EXCLUDED	EXCLUDED	EXCLUDED
R	6	5334	19	20.818	44	0.68496	-	195	274	287	58	EXCLUDED	EXCLUDED	EXCLUDED	EXCLUDED
R	7	4554	11	17.784	39	0.96906	-	162	236	240	47	EXCLUDED	EXCLUDED	EXCLUDED	EXCLUDED
R	8	3968	12	15.508	36	0.84843	-	145	210	206	40	EXCLUDED	EXCLUDED	EXCLUDED	EXCLUDED
R	9	3514	12	13.712	34	0.71457	-	122	181	181	35	EXCLUDED	EXCLUDED	EXCLUDED	EXCLUDED
R	10	3150	11	12.312	30	0.68435	-	112	154	160	29	EXCLUDED	EXCLUDED	EXCLUDED	EXCLUDED
R	11	2852	8	11.152	33	0.86720	-	104	142	142	26	EXCLUDED	EXCLUDED	EXCLUDED	EXCLUDED
R	12	2604	11	10.177	26	0.43548	-	93	131	130	23	EXCLUDED	EXCLUDED	EXCLUDED	EXCLUDED
R	13	2394	9	9.333	26	0.58256	-	82	116	117	20	EXCLUDED	EXCLUDED	EXCLUDED	EXCLUDED
R	14	2214	4	8.648	23	0.97448	-	75	112	108	17	EXCLUDED	EXCLUDED	EXCLUDED	EXCLUDED
R	15	2057	9	8.027	29	0.40839	-	69	102	97	17	EXCLUDED	EXCLUDED	EXCLUDED	EXCLUDED
R	16	1920	5	7.507	23	0.86952	-	65	87	90	15	EXCLUDED	EXCLUDED	EXCLUDED	EXCLUDED
R	17	1800	5	7.026	22	0.83115	-	61	74	84	14	EXCLUDED	EXCLUDED	EXCLUDED	EXCLUDED
R	18	1694	6	6.615	21	0.64723	-	57	80	79	13	EXCLUDED	EXCLUDED	EXCLUDED	EXCLUDED
R	19	1599	6	6.234	21	0.58933	-	53	77	73	11	EXCLUDED	EXCLUDED	EXCLUDED	EXCLUDED
R	20	1512	7	5.911	18	0.37816	-	51	73	67	10	EXCLUDED	EXCLUDED	EXCLUDED	EXCLUDED
R	21	1434	5	5.601	20	0.65991	-	46	62	64	10	EXCLUDED	EXCLUDED	EXCLUDED	EXCLUDED
R	22	1364	5	5.333	22	0.61333	-	46	64	60	9	EXCLUDED	EXCLUDED	EXCLUDED	EXCLUDED
R	23	1298	11	5.076	19	0.01522	-	42	58	58	8	EXCLUDED	EXCLUDED	EXCLUDED	not excluded
R	24	1240	3	4.855	17	0.86431	-	40	54	54	8	EXCLUDED	EXCLUDED	EXCLUDED	EXCLUDED
R	25	1185	2	4.630	17	0.94578	-	36	51	51	7	EXCLUDED	EXCLUDED	EXCLUDED	EXCLUDED
R	26	1134	5	4.424	16	0.45174	-	35	48	48	7	EXCLUDED	EXCLUDED	EXCLUDED	EXCLUDED
R	27	1089	4	4.255	16	0.61445	-	34	52	45	6	EXCLUDED	EXCLUDED	EXCLUDED	EXCLUDED
R	28	1044	3	4.080	15	0.77456	-	31	46	44	6	EXCLUDED	EXCLUDED	EXCLUDED	EXCLUDED
R	29	1004	7	3.921	16	0.10209	-	30	41	40	5	EXCLUDED	EXCLUDED	EXCLUDED	not excluded
R	30	968	4	3.773	16	0.51906	-	28	45	40	5	EXCLUDED	EXCLUDED	EXCLUDED	EXCLUDED
R	31	932	2	3.641	16	0.87977	-	29	43	38	4	EXCLUDED	EXCLUDED	EXCLUDED	EXCLUDED
R	32	896	1	3.500	14	0.97049	-	27	37	35	3	EXCLUDED	EXCLUDED	EXCLUDED	EXCLUDED
R	33	868	1	3.396	15	0.96732	-	25	38	34	4	EXCLUDED	EXCLUDED	EXCLUDED	EXCLUDED
R	34	840	2	3.276	14	0.83971	-	25	23	32	4	EXCLUDED	EXCLUDED	EXCLUDED	EXCLUDED
R	35	812	2	3.167	14	0.82832	-	24	36	32	3	EXCLUDED	EXCLUDED	EXCLUDED	EXCLUDED
R	36	784	4	3.067	14	0.36706	-	24	32	29	3	EXCLUDED	EXCLUDED	EXCLUDED	not excluded
R	37	759	2	2.971	14	0.79667	-	22	31	28	3	EXCLUDED	EXCLUDED	EXCLUDED	EXCLUDED
R	38	738	3	2.879	13	0.54976	-	20	30	27	2	EXCLUDED	EXCLUDED	EXCLUDED	not excluded
R	39	717	3	2.799	12	0.53005	-	19	32	26	2	EXCLUDED	EXCLUDED	EXCLUDED	not excluded
R	40	696	4	2.721	12	0.28921	-	18	28	26	2	EXCLUDED	EXCLUDED	EXCLUDED	not excluded
R	41	675	1	2.624	12	0.92762	-	18	29	25	2	EXCLUDED	EXCLUDED	EXCLUDED	EXCLUDED
R	42	654	2	2.551	12	0.72430	-	18	26	24	2	EXCLUDED	EXCLUDED	EXCLUDED	not excluded
R	43	635	7	2.481	13	0.01345	-	16	27	23	2	EXCLUDED	EXCLUDED	EXCLUDED	not excluded
R	44	620	2	2.423	12	0.69713	-	17	22	22	2	EXCLUDED	EXCLUDED	EXCLUDED	not excluded
R	45	605	4	2.358	11	0.21062	-	13	24	20	2	EXCLUDED	EXCLUDED	EXCLUDED	not excluded
R	46	590	5	2.309	11	0.08420	-	15	23	20	1	EXCLUDED	EXCLUDED	EXCLUDED	not excluded
R	47	575	0	2.244	13	1.00000	-	15	24	20	1	EXCLUDED	EXCLUDED	EXCLUDED	EXCLUDED
R	48	560	2	2.191	11	0.64392	-	14	19	19	1	EXCLUDED	EXCLUDED	EXCLUDED	not excluded
R	49	545	0	2.127	11	1.00000	-	14	18	19	1	EXCLUDED	EXCLUDED	EXCLUDED	EXCLUDED
R	50	530	1	2.072	11	0.87356	-	13	18	18	1	EXCLUDED	EXCLUDED	EXCLUDED	not excluded
R	51	515	0	2.009	11	1.00000	-	11	15	17	1	EXCLUDED	EXCLUDED	EXCLUDED	EXCLUDED
R	52	504	3	1.969	12	0.31459	-	11	14	16	1	EXCLUDED	EXCLUDED	EXCLUDED	not excluded
R	53	494	1	1.926	11	0.85485	-	12	19	16	1	EXCLUDED	EXCLUDED	EXCLUDED	not excluded
R	54	484	1	1.892	10	0.84974	-	11	15	15	1	EXCLUDED	EXCLUDED	EXCLUDED	not excluded
R	55	474	2	1.857	10	0.55526	-	11	18	16	1	EXCLUDED	EXCLUDED	EXCLUDED	not excluded
R	56	464	1	1.809	11	0.83927	-	10	14	14	1	EXCLUDED	EXCLUDED	EXCLUDED	not excluded
R	57	454	4	1.767	10	0.10431	-	11	14	13	1	EXCLUDED	EXCLUDED	EXCLUDED	not excluded
R	58	444	5	1.735	10	0.03148	-	9	17	14	1	EXCLUDED	EXCLUDED	EXCLUDED	not excluded
R	59	434	0	1.698	12	1.00000	-	9	15	13	1	EXCLUDED	EXCLUDED	EXCLUDED	EXCLUDED
R	60	424	3	1.661	11	0.23078	-	10	14	12	0	EXCLUDED	EXCLUDED	EXCLUDED	not excluded
R	61	414	4	1.612	11	0.07833	-	10	15	12	1	EXCLUDED	EXCLUDED	EXCLUDED	not excluded
R	62	404	1	1.580	10	0.79625	-	9	13	12	0	EXCLUDED	EXCLUDED	EXCLUDED	not excluded
R	63	394	2	1.539	10	0.45488	-	9	10	11	0	EXCLUDED	EXCLUDED	EXCLUDED	not excluded
R	64	384	1	1.499	9	0.77864	-	8	10	11	0	EXCLUDED	EXCLUDED	EXCLUDED	not excluded
R	65	378	2	1.473	9	0.43328	-	9	13	11	0	EXCLUDED	EXCLUDED	EXCLUDED	not excluded
R	66	372	0	1.453	9	1.00000	-	8	11	11	0	EXCLUDED	EXCLUDED	EXCLUDED	not excluded
R	67	366	1	1.433	9	0.76029	-	8	9	10	0	EXCLUDED	EXCLUDED	EXCLUDED	not excluded
R	68	360	1	1.404	9	0.75643	-	8	11	10	0	EXCLUDED	EXCLUDED	EXCLUDED	not excluded
R	69	354	6	1.377	10	0.00313	-	8	11	9	0	EXCLUDED	EXCLUDED	EXCLUDED	not excluded
R	70	348	1	1.359	9	0.74426	-	8	12	9	0	EXCLUDED	EXCLUDED	EXCLUDED	not excluded
R	71	342	1	1.337	9	0.73973	-	8	14	9	0	EXCLUDED	EXCLUDED	EXCLUDED	not excluded
R	72	336	0	1.316	9	1.00000	-	8	12	9	0	EXCLUDED	EXCLUDED	EXCLUDED	not excluded
R	73	330	1	1.291	9	0.72697	-	8	8	9	0	EXCLUDED	EXCLUDED	EXCLUDED	not excluded
R	74	324	0	1.270	8	1.00000	-	6	12	8	0	EXCLUDED	EXCLUDED	EXCLUDED	not excluded
R	75	318	0	1.238	8	1.00000	-	6	9	8	0	EXCLUDED	EXCLUDED	EXCLUDED	not excluded
R	76	312	0	1.216	8	1.00000	-	6	9	8	0	EXCLUDED	EXCLUDED	EXCLUDED	not excluded
R	77	306	0	1.198	8	1.00000	-	6	7	7	0	EXCLUDED	EXCLUDED	EXCLUDED	not excluded
R	78	300	2	1.169	8	0.32434	-	5	8	7	0	EXCLUDED	EXCLUDED	EXCLUDED	not excluded
R	79	294	2	1.152	9	0.31914	-	5	6	7	0	EXCLUDED	EXCLUDED	EXCLUDED	not excluded
R	80	288	2	1.124	9	0.30989	-	5	5	7	0	EXCLUDED	EXCLUDED	EXCLUDED	not excluded
R	81	282	0	1.098	9	1.00000	-	5	9	6	0	EXCLUDED	EXCLUDED	EXCLUDED	not excluded
R	82	276	1	1.072	8	0.65853	-	4	6	6	0	EXCLUDED	EXCLUDED	EXCLUDED	not excluded
R	83	270	0	1.055	8	1.00000	-	4	8	5	0	EXCLUDED	EXCLUDED	EXCLUDED	not excluded
R	84	264	2	1.029	8	0.27389	-	4	9	5	0	EXCLUDED	EXCLUDED	EXCLUDED	not excluded
R	85	258	2	1.009	8	0.26839	-	4	9	5	0	EXCLUDED	EXCLUDED	EXCLUDED	not excluded
R	86	254	3	0.993	8	0.07873	-	4	5	5	0	EXCLUDED	EXCLUDED	EXCLUDED	not excluded
R	87	251	2	0.981	7	0.25659	-	4	4	6	0	EXCLUDED	EXCLUDED	EXCLUDED	not excluded
R	88	248	0	0.969	8	1.00000	-	4	8	5	0	EXCLUDED	EXCLUDED	EXCLUDED	not excluded
R	89	245	0	0.950	9	1.00000	-	4	6	5	0	EXCLUDED	EXCLUDED	EXCLUDED	not excluded
R	90	242	2	0.942	7	0.24362	-	4	7	5	0	EXCLUDED	EXCLUDED	EXCLUDED	not excluded
R	91	239	0	0.930	8	1.00000	-	4	5	5	0	EXCLUDED	EXCLUDED	EXCLUDED	not excluded
R	92	236	1	0.923	8	0.60273	-	3	3	4	0	EXCLUDED	EXCLUDED	EXCLUDED	not excluded
R	93	233	0	0.908	8	1.00000	-	3	7	5	0	EXCLUDED	EXCLUDED	EXCLUDED	not excluded
R	94	230	0	0.899	8	1.00000	-	4	6	4	0	EXCLUDED	EXCLUDED	EXCLUDED	not excluded
R	95	227	1	0.890	7	0.58905	-	3	6	4	0	EXCLUDED	EXCLUDED	EXCLUDED	not excluded
R	96	224	0	0.874	6	1.00000	-	3	6	4	0	EXCLUDED	EXCLUDED	EXCLUDED	not excluded
R	97	221	0	0.861	7	1.00000	-	3	4	4	0	EXCLUDED	EXCLUDED	EXCLUDED	not excluded
R	98	218	0	0.852	7	1.00000	-	3	5	4	0	EXCLUDED	EXCLUDED	EXCLUDED	not excluded
R	99	215	0	0.837	8	1.00000	-	3	6	4	0	EXCLUDED	EXCLUDED	EXCLUDED	not excluded
R	100	212	1	0.827	7	0.56379	-	3	6	3	0	EXCLUDED	EXCLUDED	EXCLUDED	not excluded
R	101	209	1	0.811	9	0.55537	-	3	5	4	0	EXCLUDED	EXCLUDED	EXCLUDED	not excluded
R	102	206	0	0.804	6	1.00000	-	3	5	3	0	EXCLUDED	EXCLUDED	EXCLUDED	not excluded
R	103	203	4	0.790	7	0.00887	-	2	3	4	0	not excluded	not excluded	not excluded	not excluded
R	104	200	0	0.782	8	1.00000	-	2	2	3	0	EXCLUDED	EXCLUDED	EXCLUDED	not excluded
R	105	197	0	0.772	7	1.00000	-	2	5	4	0	EXCLUDED	EXCLUDED	EXCLUDED	not excluded
R	106	194	0	0.755	8	1.00000	-	2	4	3	0	EXCLUDED	EXCLUDED	EXCLUDED	not excluded
R	107	191	0	0.745	11	1.00000	-	2	6	3	0	EXCLUDED	EXCLUDED	EXCLUDED	not excluded
R	108	188	1	0.734	6	0.52008	-	2	4	3	0	EXCLUDED	EXCLUDED	EXCLUDED	not excluded
R	109	185	2	0.723	8	0.16324	-	2	3	3	0	not excluded	EXCLUDED	EXCLUDED	not excluded
R	110	182	0	0.713	7	1.00000	-	2	4	2	0	EXCLUDED	EXCLUDED	EXCLUDED	not excluded
R	111	179	0	0.703	6	1.00000	-	2	1	3	0	EXCLUDED	EXCLUDED	EXCLUDED	not excluded
R	112	176	0	0.687	6	1.00000	-	2	0	2	0	EXCLUDED	not excluded	EXCLUDED	not excluded
R	113	173	0	0.676	6	1.00000	-	2	4	3	0	EXCLUDED	EXCLUDED	EXCLUDED	not excluded
R	114	170	2	0.660	7	0.14116	-	1	2	2	0	not excluded	not excluded	not excluded	not excluded
R	115	167	0	0.654	6	1.00000	-	1	4	3	0	EXCLUDED	EXCLUDED	EXCLUDED	not excluded
R	116	164	2	0.644	7	0.13560	-	2	2	2	0	not excluded	not excluded	not excluded	not excluded
R	117	161	0	0.626	6	1.00000	-	1	4	2	0	EXCLUDED	EXCLUDED	EXCLUDED	not excluded
R	118	158	0	0.615	6	1.00000	-	1	3	2	0	EXCLUDED	EXCLUDED	EXCLUDED	not excluded
R	119	155	0	0.610	5	1.00000	-	1	5	2	0	EXCLUDED	EXCLUDED	EXCLUDED	not excluded
R	120	152	0	0.599	6	1.00000	-	1	1	2	0	EXCLUDED	EXCLUDED	EXCLUDED	not excluded
R	121	149	1	0.585	6	0.44258	-	1	1	2	0	not excluded	not excluded	EXCLUDED	not excluded
R	122	146	3	0.568	6	0.01973	-	1	4	2	0	not excluded	EXCLUDED	not excluded	not excluded
R	123	143	0	0.555	5	1.00000	-	1	3	2	0	EXCLUDED	EXCLUDED	EXCLUDED	not excluded
R	124	140	0	0.549	5	1.00000	-	1	2	1	0	EXCLUDED	EXCLUDED	EXCLUDED	not excluded
R	125	137	0	0.536	6	1.00000	-	1	3	1	0	EXCLUDED	EXCLUDED	EXCLUDED	not excluded
R	126	134	0	0.522	6	1.00000	-	1	1	1	0	EXCLUDED	EXCLUDED	EXCLUDED	not excluded
R	127	131	1	0.511	5	0.40038	-	0	3	1	0	not excluded	EXCLUDED	not excluded	not excluded
R	128	128	0	0.498	5	1.00000	-	1	2	1	0	EXCLUDED	EXCLUDED	EXCLUDED	not excluded
C	1	32640	127	127.464	190	0.51683	-	1259	1808	1947	450	EXCLUDED	EXCLUDED	EXCLUDED	EXCLUDED
C	2	16256	53	63.497	106	0.92289	-	622	870	943	210	EXCLUDED	EXCLUDED	EXCLUDED	EXCLUDED
C	3	10795	42	42.149	81	0.52479	-	404	568	611	133	EXCLUDED	EXCLUDED	EXCLUDED	EXCLUDED
C	4	8064	21	31.512	58	0.98331	-	309	412	448	94	EXCLUDED	EXCLUDED	EXCLUDED	EXCLUDED
C	5	6426	26	25.109	52	0.45170	-	237	341	350	73	EXCLUDED	EXCLUDED	EXCLUDED	EXCLUDED
C	6	5334	21	20.818	44	0.50949	-	195	270	284	59	EXCLUDED	EXCLUDED	EXCLUDED	EXCLUDED
C	7	4554	12	17.784	39	0.94266	-	166	236	240	48	EXCLUDED	EXCLUDED	EXCLUDED	EXCLUDED
C	8	3968	8	15.508	36	0.98847	-	148	187	206	40	EXCLUDED	EXCLUDED	EXCLUDED	EXCLUDED
C	9	3514	9	13.712	34	0.93043	-	124	174	181	35	EXCLUDED	EXCLUDED	EXCLUDED	EXCLUDED
C	10	3150	14	12.312	30	0.34869	-	112	156	159	30	EXCLUDED	EXCLUDED	EXCLUDED	EXCLUDED
C	11	2852	10	11.152	33	0.67430	-	100	133	144	26	EXCLUDED	EXCLUDED	EXCLUDED	EXCLUDED
C	12	2604	7	10.177	26	0.88209	-	95	126	128	23	EXCLUDED	EXCLUDED	EXCLUDED	EXCLUDED
C	13	2394	13	9.333	26	0.15032	-	86	115	119	20	EXCLUDED	EXCLUDED	EXCLUDED	EXCLUDED
C	14	2214	4	8.648	23	0.97448	-	78	98	108	19	EXCLUDED	EXCLUDED	EXCLUDED	EXCLUDED
C	15	2057	9	8.027	29	0.40839	-	69	102	97	17	EXCLUDED	EXCLUDED	EXCLUDED	EXCLUDED
C	16	1920	1	7.507	23	0.99944	-	60	85	91	15	EXCLUDED	EXCLUDED	EXCLUDED	EXCLUDED
C	17	1800	5	7.026	22	0.83115	-	61	74	84	14	EXCLUDED	EXCLUDED	EXCLUDED	EXCLUDED
C	18	1694	3	6.615	21	0.96198	-	55	80	78	13	EXCLUDED	EXCLUDED	EXCLUDED	EXCLUDED
C	19	1599	9	6.234	21	0.17641	-	53	71	73	11	EXCLUDED	EXCLUDED	EXCLUDED	EXCLUDED
C	20	1512	6	5.911	18	0.53706	-	52	66	69	10	EXCLUDED	EXCLUDED	EXCLUDED	EXCLUDED
C	21	1434	4	5.601	20	0.81226	-	45	62	64	9	EXCLUDED	EXCLUDED	EXCLUDED	EXCLUDED
C	22	1364	5	5.333	22	0.61333	-	45	59	61	9	EXCLUDED	EXCLUDED	EXCLUDED	EXCLUDED
C	23	1298	2	5.076	19	0.96327	-	44	58	56	8	EXCLUDED	EXCLUDED	EXCLUDED	EXCLUDED
C	24	1240	3	4.855	17	0.86431	-	42	55	54	7	EXCLUDED	EXCLUDED	EXCLUDED	EXCLUDED
C	25	1185	6	4.630	17	0.31842	-	38	53	52	7	EXCLUDED	EXCLUDED	EXCLUDED	EXCLUDED
C	26	1134	2	4.424	16	0.93545	-	35	41	48	6	EXCLUDED	EXCLUDED	EXCLUDED	EXCLUDED
C	27	1089	3	4.255	16	0.79893	-	34	48	45	6	EXCLUDED	EXCLUDED	EXCLUDED	EXCLUDED
C	28	1044	2	4.080	15	0.91626	-	33	43	44	6	EXCLUDED	EXCLUDED	EXCLUDED	EXCLUDED
C	29	1004	8	3.921	16	0.04733	-	31	42	42	5	EXCLUDED	EXCLUDED	EXCLUDED	not excluded
C	30	968	6	3.773	16	0.17872	-	28	43	39	5	EXCLUDED	EXCLUDED	EXCLUDED	not excluded
C	31	932	6	3.641	16	0.16065	-	28	39	39	4	EXCLUDED	EXCLUDED	EXCLUDED	not excluded
C	32	896	0	3.500	14	1.00000	-	23	30	36	4	EXCLUDED	EXCLUDED	EXCLUDED	EXCLUDED
C	33	868	4	3.396	15	0.43847	-	25	34	34	4	EXCLUDED	EXCLUDED	EXCLUDED	not excluded
C	34	840	2	3.276	14	0.83971	-	24	30	33	4	EXCLUDED	EXCLUDED	EXCLUDED	EXCLUDED
C	35	812	0	3.167	14	1.00000	-	22	31	32	4	EXCLUDED	EXCLUDED	EXCLUDED	EXCLUDED
C	36	784	1	3.067	14	0.95498	-	22	31	30	3	EXCLUDED	EXCLUDED	EXCLUDED	EXCLUDED
C	37	759	2	2.971	14	0.79667	-	21	31	30	3	EXCLUDED	EXCLUDED	EXCLUDED	EXCLUDED
C	38	738	2	2.879	13	0.78484	-	21	25	27	2	EXCLUDED	EXCLUDED	EXCLUDED	not excluded
C	39	717	5	2.799	12	0.15098	-	20	28	27	2	EXCLUDED	EXCLUDED	EXCLUDED	not excluded
C	40	696	3	2.721	12	0.51173	-	21	25	25	2	EXCLUDED	EXCLUDED	EXCLUDED	not excluded
C	41	675	2	2.624	12	0.73764	-	19	24	24	2	EXCLUDED	EXCLUDED	EXCLUDED	not excluded
C	42	654	1	2.551	12	0.92444	-	18	24	24	2	EXCLUDED	EXCLUDED	EXCLUDED	EXCLUDED
C	43	635	1	2.481	13	0.91738	-	18	23	23	2	EXCLUDED	EXCLUDED	EXCLUDED	EXCLUDED
C	44	620	2	2.423	12	0.69713	-	17	22	22	2	EXCLUDED	EXCLUDED	EXCLUDED	not excluded
C	45	605	2	2.358	11	0.68393	-	15	23	21	2	EXCLUDED	EXCLUDED	EXCLUDED	not excluded
C	46	590	1	2.309	11	0.90275	-	15	22	20	2	EXCLUDED	EXCLUDED	EXCLUDED	EXCLUDED
C	47	575	2	2.244	13	0.65710	-	15	20	20	1	EXCLUDED	EXCLUDED	EXCLUDED	not excluded
C	48	560	0	2.191	11	1.00000	-	15	16	19	1	EXCLUDED	EXCLUDED	EXCLUDED	EXCLUDED
C	49	545	2	2.127	11	0.62832	-	14	17	19	1	EXCLUDED	EXCLUDED	EXCLUDED	not excluded
C	50	530	3	2.072	11	0.34220	-	14	21	18	1	EXCLUDED	EXCLUDED	EXCLUDED	not excluded
C	51	515	0	2.009	11	1.00000	-	11	15	17	1	EXCLUDED	EXCLUDED	EXCLUDED	EXCLUDED
C	52	504	0	1.969	12	1.00000	-	13	13	17	1	EXCLUDED	EXCLUDED	EXCLUDED	EXCLUDED
C	53	494	3	1.926	11	0.30406	-	13	16	16	1	EXCLUDED	EXCLUDED	EXCLUDED	not excluded
C	54	484	1	1.892	10	0.84974	-	11	16	15	1	EXCLUDED	EXCLUDED	EXCLUDED	not excluded
C	55	474	2	1.857	10	0.55526	-	12	18	16	1	EXCLUDED	EXCLUDED	EXCLUDED	not excluded
C	56	464	1	1.809	11	0.83927	-	12	17	15	1	EXCLUDED	EXCLUDED	EXCLUDED	not excluded
C	57	454	1	1.767	10	0.82920	-	11	13	14	1	EXCLUDED	EXCLUDED	EXCLUDED	not excluded
C	58	444	3	1.735	10	0.25110	-	10	14	13	0	EXCLUDED	EXCLUDED	EXCLUDED	not excluded
C	59	434	0	1.698	12	1.00000	-	10	13	14	0	EXCLUDED	EXCLUDED	EXCLUDED	not excluded
C	60	424	3	1.661	11	0.23078	-	9	14	12	0	EXCLUDED	EXCLUDED	EXCLUDED	not excluded
C	61	414	2	1.612	11	0.47972	-	10	9	12	0	EXCLUDED	EXCLUDED	EXCLUDED	not excluded
C	62	404	2	1.580	10	0.47016	-	9	15	12	0	EXCLUDED	EXCLUDED	EXCLUDED	not excluded
C	63	394	1	1.539	10	0.78820	-	7	12	12	0	EXCLUDED	EXCLUDED	EXCLUDED	not excluded
C	64	384	0	1.499	9	1.00000	-	5	10	11	0	EXCLUDED	EXCLUDED	EXCLUDED	not excluded
C	65	378	2	1.473	9	0.43328	-	8	11	11	0	EXCLUDED	EXCLUDED	EXCLUDED	not excluded
C	66	372	3	1.453	9	0.17910	-	7	10	11	0	EXCLUDED	EXCLUDED	EXCLUDED	not excluded
C	67	366	3	1.433	9	0.17430	-	8	9	10	0	EXCLUDED	EXCLUDED	EXCLUDED	not excluded
C	68	360	1	1.404	9	0.75643	-	8	3	10	0	EXCLUDED	EXCLUDED	EXCLUDED	not excluded
C	69	354	0	1.377	10	1.00000	-	7	9	9	0	EXCLUDED	EXCLUDED	EXCLUDED	not excluded
C	70	348	0	1.359	9	1.00000	-	7	11	9	0	EXCLUDED	EXCLUDED	EXCLUDED	not excluded
C	71	342	5	1.337	9	0.01144	-	7	9	9	0	EXCLUDED	EXCLUDED	EXCLUDED	not excluded
C	72	336	0	1.316	9	1.00000	-	7	9	8	0	EXCLUDED	EXCLUDED	EXCLUDED	not excluded
C	73	330	0	1.291	9	1.00000	-	7	10	8	0	EXCLUDED	EXCLUDED	EXCLUDED	not excluded
C	74	324	2	1.270	8	0.36274	-	6	6	9	0	EXCLUDED	EXCLUDED	EXCLUDED	not excluded
C	75	318	3	1.238	8	0.12803	-	6	10	8	0	EXCLUDED	EXCLUDED	EXCLUDED	not excluded
C	76	312	1	1.216	8	0.70541	-	6	7	8	0	EXCLUDED	EXCLUDED	EXCLUDED	not excluded
C	77	306	1	1.198	8	0.69845	-	6	7	7	0	EXCLUDED	EXCLUDED	EXCLUDED	not excluded
C	78	300	2	1.169	8	0.32434	-	5	7	7	0	EXCLUDED	EXCLUDED	EXCLUDED	not excluded
C	79	294	3	1.152	9	0.10941	-	6	8	8	0	EXCLUDED	EXCLUDED	EXCLUDED	not excluded
C	80	288	0	1.124	9	1.00000	-	5	8	7	0	EXCLUDED	EXCLUDED	EXCLUDED	not excluded
C	81	282	1	1.098	9	0.66699	-	5	8	7	0	EXCLUDED	EXCLUDED	EXCLUDED	not excluded
C	82	276	1	1.072	8	0.65853	-	5	6	6	0	EXCLUDED	EXCLUDED	EXCLUDED	not excluded
C	83	270	0	1.055	8	1.00000	-	5	6	6	0	EXCLUDED	EXCLUDED	EXCLUDED	not excluded
C	84	264	0	1.029	8	1.00000	-	4	6	6	0	EXCLUDED	EXCLUDED	EXCLUDED	not excluded
C	85	258	2	1.009	8	0.26839	-	4	9	5	0	EXCLUDED	EXCLUDED	EXCLUDED	not excluded
C	86	254	1	0.993	8	0.63061	-	5	5	6	0	EXCLUDED	EXCLUDED	EXCLUDED	not excluded
C	87	251	4	0.981	7	0.01841	-	5	6	5	0	EXCLUDED	EXCLUDED	EXCLUDED	not excluded
C	88	248	0	0.969	8	1.00000	-	4	4	5	0	EXCLUDED	EXCLUDED	EXCLUDED	not excluded
C	89	245	2	0.950	9	0.24630	-	4	4	5	0	EXCLUDED	EXCLUDED	EXCLUDED	not excluded
C	90	242	1	0.942	7	0.61152	-	3	5	5	0	EXCLUDED	EXCLUDED	EXCLUDED	not excluded
C	91	239	2	0.930	8	0.23798	-	3	7	5	0	EXCLUDED	EXCLUDED	EXCLUDED	not excluded
C	92	236	1	0.923	8	0.60273	-	4	7	5	0	EXCLUDED	EXCLUDED	EXCLUDED	not excluded
C	93	233	2	0.908	8	0.22871	-	4	3	5	0	EXCLUDED	EXCLUDED	EXCLUDED	not excluded
C	94	230	0	0.899	8	1.00000	-	3	5	5	0	EXCLUDED	EXCLUDED	EXCLUDED	not excluded
C	95	227	0	0.890	7	1.00000	-	4	6	5	0	EXCLUDED	EXCLUDED	EXCLUDED	not excluded
C	96	224	0	0.874	6	1.00000	-	4	3	4	0	EXCLUDED	EXCLUDED	EXCLUDED	not excluded
C	97	221	1	0.861	7	0.57681	-	3	4	4	0	EXCLUDED	EXCLUDED	EXCLUDED	not excluded
C	98	218	1	0.852	7	0.57432	-	3	5	4	0	EXCLUDED	EXCLUDED	EXCLUDED	not excluded
C	99	215	1	0.837	8	0.56728	-	3	5	4	0	EXCLUDED	EXCLUDED	EXCLUDED	not excluded
C	100	212	0	0.827	7	1.00000	-	3	3	4	0	EXCLUDED	EXCLUDED	EXCLUDED	not excluded
C	101	209	2	0.811	9	0.19510	-	3	4	4	0	EXCLUDED	EXCLUDED	EXCLUDED	not excluded
C	102	206	0	0.804	6	1.00000	-	3	3	4	0	EXCLUDED	EXCLUDED	EXCLUDED	not excluded
C	103	203	0	0.790	7	1.00000	-	3	4	4	0	EXCLUDED	EXCLUDED	EXCLUDED	not excluded
C	104	200	0	0.782	8	1.00000	-	3	2	3	0	EXCLUDED	EXCLUDED	EXCLUDED	not excluded
C	105	197	0	0.772	7	1.00000	-	3	4	4	0	EXCLUDED	EXCLUDED	EXCLUDED	not excluded
C	106	194	1	0.755	8	0.53008	-	2	4	3	0	EXCLUDED	EXCLUDED	EXCLUDED	not excluded
C	107	191	0	0.745	11	1.00000	-	3	2	3	0	EXCLUDED	EXCLUDED	EXCLUDED	not excluded
C	108	188	0	0.734	6	1.00000	-	2	4	3	0	EXCLUDED	EXCLUDED	EXCLUDED	not excluded
C	109	185	0	0.723	8	1.00000	-	2	3	3	0	EXCLUDED	EXCLUDED	EXCLUDED	not excluded
C	110	182	0	0.713	7	1.00000	-	2	4	3	0	EXCLUDED	EXCLUDED	EXCLUDED	not excluded
C	111	179	0	0.703	6	1.00000	-	2	2	3	0	EXCLUDED	EXCLUDED	EXCLUDED	not excluded
C	112	176	0	0.687	6	1.00000	-	2	3	3	0	EXCLUDED	EXCLUDED	EXCLUDED	not excluded
C	113	173	2	0.676	6	0.14679	-	2	4	3	0	not excluded	EXCLUDED	EXCLUDED	not excluded
C	114	170	1	0.660	7	0.48542	-	2	3	2	0	EXCLUDED	EXCLUDED	EXCLUDED	not excluded
C	115	167	1	0.654	6	0.48172	-	2	2	2	0	EXCLUDED	EXCLUDED	EXCLUDED	not excluded
C	116	164	0	0.644	7	1.00000	-	2	2	2	0	EXCLUDED	EXCLUDED	EXCLUDED	not excluded
C	117	161	1	0.626	6	0.46723	-	1	3	2	0	not excluded	EXCLUDED	EXCLUDED	not excluded
C	118	158	0	0.615	6	1.00000	-	2	1	2	0	EXCLUDED	EXCLUDED	EXCLUDED	not excluded
C	119	155	0	0.610	5	1.00000	-	2	0	2	0	EXCLUDED	not excluded	EXCLUDED	not excluded
C	120	152	1	0.599	6	0.45180	-	1	3	2	0	not excluded	EXCLUDED	EXCLUDED	not excluded
C	121	149	0	0.585	6	1.00000	-	1	1	2	0	EXCLUDED	EXCLUDED	EXCLUDED	not excluded
C	122	146	0	0.568	6	1.00000	-	2	2	2	0	EXCLUDED	EXCLUDED	EXCLUDED	not excluded
C	123	143	1	0.555	5	0.42737	-	1	1	1	0	not excluded	not excluded	not excluded	not excluded
C	124	140	1	0.549	5	0.42251	-	1	3	2	0	not excluded	EXCLUDED	EXCLUDED	not excluded
C	125	137	1	0.536	6	0.41545	-	1	1	1	0	not excluded	not excluded	not excluded	not excluded
C	126	134	1	0.522	6	0.40918	-	1	4	1	0	not excluded	EXCLUDED	not excluded	not excluded
C	127	131	2	0.511	5	0.09363	-	1	2	1	0	not excluded	not excluded	not excluded	not excluded
C	128	128	0	0.498	5	1.00000	-	1	2	1	0	EXCLUDED	EXCLUDED	EXCLUDED	not excluded
