key	alignment	kind	runes	seed	phase	best_phase	log_mean_lr
hint raw	7-15	positive	12956	0	3074	3074	1739.61
hint raw	7-15	positive	12956	1	465	465	1764.17
hint raw	7-15	positive	12956	2	789	789	1743.3
hint raw	7-15	positive	12956	3	96	96	1708.24
hint raw	7-15	positive	12956	4	1706	1706	1697.92
hint raw	7-15	flat-negative	12956	0	-1	543	-912.5
hint raw	7-15	flat-negative	12956	1	-1	2581	-927.4
hint raw	7-15	flat-negative	12956	2	-1	2055	-909.38
hint raw	7-15	flat-negative	12956	3	-1	2366	-944.96
hint raw	7-15	flat-negative	12956	4	-1	1408	-916.46
hint raw	7	positive	729	0	233	233	3.99
hint raw	7	positive	729	1	2972	2972	6.76
hint raw	7	positive	729	2	3206	889	-0.5
hint raw	7	positive	729	3	2763	2763	1.18
hint raw	7	positive	729	4	1687	1687	0.21
hint raw	7	flat-negative	729	0	-1	2042	-1.05
hint raw	7	flat-negative	729	1	-1	95	-2.16
hint raw	7	flat-negative	729	2	-1	424	-0.96
hint raw	7	flat-negative	729	3	-1	58	-1.41
hint raw	7	flat-negative	729	4	-1	321	-0.4
hint raw	8	positive	1145	0	1697	1697	15.97
hint raw	8	positive	1145	1	2174	2174	11.45
hint raw	8	positive	1145	2	1800	1800	9.63
hint raw	8	positive	1145	3	2042	2042	21.49
hint raw	8	positive	1145	4	2602	2602	12.01
hint raw	8	flat-negative	1145	0	-1	1017	-3.6
hint raw	8	flat-negative	1145	1	-1	1804	-2.73
hint raw	8	flat-negative	1145	2	-1	1312	-4.84
hint raw	8	flat-negative	1145	3	-1	204	-6.17
hint raw	8	flat-negative	1145	4	-1	998	-7.09
hint raw	9	positive	1729	0	10	10	35.81
hint raw	9	positive	1729	1	2910	2910	14.92
hint raw	9	positive	1729	2	1834	1834	26.23
hint raw	9	positive	1729	3	3279	3279	51.14
hint raw	9	positive	1729	4	2696	2696	33.74
hint raw	9	flat-negative	1729	0	-1	1351	-12.32
hint raw	9	flat-negative	1729	1	-1	3202	-19.13
hint raw	9	flat-negative	1729	2	-1	2255	-21.38
hint raw	9	flat-negative	1729	3	-1	2930	-20.8
hint raw	9	flat-negative	1729	4	-1	2824	-15.46
hint raw	10	positive	9	0	2079	0	-0.0
hint raw	10	positive	9	1	2513	1652	-0.0
hint raw	10	positive	9	2	2997	491	-0.0
hint raw	10	positive	9	3	1471	484	0.0
hint raw	10	positive	9	4	1298	1651	0.0
hint raw	10	flat-negative	9	0	-1	0	-0.0
hint raw	10	flat-negative	9	1	-1	490	-0.0
hint raw	10	flat-negative	9	2	-1	1654	-0.0
hint raw	10	flat-negative	9	3	-1	244	-0.0
hint raw	10	flat-negative	9	4	-1	50	0.0
hint raw	11	positive	1894	0	838	838	55.65
hint raw	11	positive	1894	1	315	315	47.96
hint raw	11	positive	1894	2	1521	1521	48.95
hint raw	11	positive	1894	3	2169	2169	29.05
hint raw	11	positive	1894	4	1578	1578	45.98
hint raw	11	flat-negative	1894	0	-1	157	-15.04
hint raw	11	flat-negative	1894	1	-1	346	-20.4
hint raw	11	flat-negative	1894	2	-1	1571	-24.72
hint raw	11	flat-negative	1894	3	-1	104	-18.88
hint raw	11	flat-negative	1894	4	-1	697	-21.97
hint raw	12	positive	1021	0	706	706	11.95
hint raw	12	positive	1021	1	491	1541	-4.84
hint raw	12	positive	1021	2	3163	3163	16.09
hint raw	12	positive	1021	3	2753	2753	21.06
hint raw	12	positive	1021	4	1093	1093	-0.88
hint raw	12	flat-negative	1021	0	-1	2688	-5.14
hint raw	12	flat-negative	1021	1	-1	159	-3.07
hint raw	12	flat-negative	1021	2	-1	3308	-4.02
hint raw	12	flat-negative	1021	3	-1	107	-4.08
hint raw	12	flat-negative	1021	4	-1	1227	-4.69
hint raw	13	positive	1524	0	2737	2737	20.6
hint raw	13	positive	1524	1	782	782	34.25
hint raw	13	positive	1524	2	3364	3364	21.05
hint raw	13	positive	1524	3	1589	1589	29.7
hint raw	13	positive	1524	4	1654	1654	31.4
hint raw	13	flat-negative	1524	0	-1	3127	-6.51
hint raw	13	flat-negative	1524	1	-1	2982	-15.04
hint raw	13	flat-negative	1524	2	-1	919	-11.07
hint raw	13	flat-negative	1524	3	-1	821	-14.09
hint raw	13	flat-negative	1524	4	-1	202	-14.99
hint raw	14	positive	1589	0	1181	1181	16.86
hint raw	14	positive	1589	1	1006	1006	31.5
hint raw	14	positive	1589	2	2527	2527	30.81
hint raw	14	positive	1589	3	2246	2246	24.73
hint raw	14	positive	1589	4	1467	1467	30.94
hint raw	14	flat-negative	1589	0	-1	1232	-15.64
hint raw	14	flat-negative	1589	1	-1	2634	-17.81
hint raw	14	flat-negative	1589	2	-1	2975	-16.83
hint raw	14	flat-negative	1589	3	-1	714	-14.8
hint raw	14	flat-negative	1589	4	-1	1408	-16.59
hint raw	15	positive	3316	0	108	108	153.35
hint raw	15	positive	3316	1	2610	2610	158.09
hint raw	15	positive	3316	2	2936	2936	170.15
hint raw	15	positive	3316	3	1656	1656	147.52
hint raw	15	positive	3316	4	1501	1501	158.62
hint raw	15	flat-negative	3316	0	-1	103	-90.12
hint raw	15	flat-negative	3316	1	-1	1625	-77.32
hint raw	15	flat-negative	3316	2	-1	2050	-83.43
hint raw	15	flat-negative	3316	3	-1	2884	-81.02
hint raw	15	flat-negative	3316	4	-1	2387	-85.48
hint-reversed raw	7-15	positive	12956	0	2264	2264	1732.97
hint-reversed raw	7-15	positive	12956	1	1265	1265	1747.2
hint-reversed raw	7-15	positive	12956	2	697	697	1775.29
hint-reversed raw	7-15	positive	12956	3	3102	3102	1688.89
hint-reversed raw	7-15	positive	12956	4	1792	1792	1742.04
hint-reversed raw	7-15	flat-negative	12956	0	-1	1543	-923.0
hint-reversed raw	7-15	flat-negative	12956	1	-1	3086	-924.13
hint-reversed raw	7-15	flat-negative	12956	2	-1	445	-907.46
hint-reversed raw	7-15	flat-negative	12956	3	-1	1771	-924.86
hint-reversed raw	7-15	flat-negative	12956	4	-1	906	-900.67
hint-reversed raw	7	positive	729	0	2899	2899	0.12
hint-reversed raw	7	positive	729	1	2139	2139	3.3
hint-reversed raw	7	positive	729	2	2746	1628	-0.49
hint-reversed raw	7	positive	729	3	2761	2761	1.37
hint-reversed raw	7	positive	729	4	1043	1043	0.46
hint-reversed raw	7	flat-negative	729	0	-1	3145	-1.23
hint-reversed raw	7	flat-negative	729	1	-1	1246	-1.21
hint-reversed raw	7	flat-negative	729	2	-1	1631	-1.55
hint-reversed raw	7	flat-negative	729	3	-1	199	-0.84
hint-reversed raw	7	flat-negative	729	4	-1	3117	0.04
hint-reversed raw	8	positive	1145	0	1319	1319	18.23
hint-reversed raw	8	positive	1145	1	2955	2955	15.25
hint-reversed raw	8	positive	1145	2	41	41	18.14
hint-reversed raw	8	positive	1145	3	277	277	13.72
hint-reversed raw	8	positive	1145	4	2316	2316	6.89
hint-reversed raw	8	flat-negative	1145	0	-1	242	-6.54
hint-reversed raw	8	flat-negative	1145	1	-1	1879	-4.16
hint-reversed raw	8	flat-negative	1145	2	-1	2218	-6.22
hint-reversed raw	8	flat-negative	1145	3	-1	1327	-5.62
hint-reversed raw	8	flat-negative	1145	4	-1	3221	-5.68
hint-reversed raw	9	positive	1729	0	2913	2913	35.97
hint-reversed raw	9	positive	1729	1	68	68	25.79
hint-reversed raw	9	positive	1729	2	2305	2305	42.29
hint-reversed raw	9	positive	1729	3	3203	3203	27.0
hint-reversed raw	9	positive	1729	4	2207	2207	55.33
hint-reversed raw	9	flat-negative	1729	0	-1	3240	-14.65
hint-reversed raw	9	flat-negative	1729	1	-1	471	-13.01
hint-reversed raw	9	flat-negative	1729	2	-1	51	-17.19
hint-reversed raw	9	flat-negative	1729	3	-1	500	-13.83
hint-reversed raw	9	flat-negative	1729	4	-1	1334	-16.59
hint-reversed raw	10	positive	9	0	804	411	-0.0
hint-reversed raw	10	positive	9	1	1735	370	0.01
hint-reversed raw	10	positive	9	2	1818	754	-0.0
hint-reversed raw	10	positive	9	3	1340	1840	-0.0
hint-reversed raw	10	positive	9	4	603	0	-0.0
hint-reversed raw	10	flat-negative	9	0	-1	370	-0.0
hint-reversed raw	10	flat-negative	9	1	-1	1430	-0.0
hint-reversed raw	10	flat-negative	9	2	-1	740	0.0
hint-reversed raw	10	flat-negative	9	3	-1	1430	-0.0
hint-reversed raw	10	flat-negative	9	4	-1	387	0.01
hint-reversed raw	11	positive	1894	0	51	51	48.47
hint-reversed raw	11	positive	1894	1	1667	1667	27.38
hint-reversed raw	11	positive	1894	2	3349	3349	28.24
hint-reversed raw	11	positive	1894	3	580	580	26.43
hint-reversed raw	11	positive	1894	4	2765	2765	65.53
hint-reversed raw	11	flat-negative	1894	0	-1	266	-22.56
hint-reversed raw	11	flat-negative	1894	1	-1	466	-24.63
hint-reversed raw	11	flat-negative	1894	2	-1	2366	-19.11
hint-reversed raw	11	flat-negative	1894	3	-1	2497	-20.2
hint-reversed raw	11	flat-negative	1894	4	-1	1260	-16.89
hint-reversed raw	12	positive	1021	0	2091	2091	6.95
hint-reversed raw	12	positive	1021	1	1446	1446	2.45
hint-reversed raw	12	positive	1021	2	1333	1333	5.22
hint-reversed raw	12	positive	1021	3	1662	1662	2.94
hint-reversed raw	12	positive	1021	4	387	387	9.81
hint-reversed raw	12	flat-negative	1021	0	-1	860	-3.33
hint-reversed raw	12	flat-negative	1021	1	-1	2979	-2.86
hint-reversed raw	12	flat-negative	1021	2	-1	522	-3.09
hint-reversed raw	12	flat-negative	1021	3	-1	1772	-2.03
hint-reversed raw	12	flat-negative	1021	4	-1	2664	-5.67
hint-reversed raw	13	positive	1524	0	2459	2459	46.77
hint-reversed raw	13	positive	1524	1	795	795	22.32
hint-reversed raw	13	positive	1524	2	3103	3103	22.45
hint-reversed raw	13	positive	1524	3	1261	1261	24.0
hint-reversed raw	13	positive	1524	4	421	421	26.16
hint-reversed raw	13	flat-negative	1524	0	-1	2767	-10.62
hint-reversed raw	13	flat-negative	1524	1	-1	3032	-3.96
hint-reversed raw	13	flat-negative	1524	2	-1	2973	-10.33
hint-reversed raw	13	flat-negative	1524	3	-1	1821	-12.63
hint-reversed raw	13	flat-negative	1524	4	-1	438	-12.68
hint-reversed raw	14	positive	1589	0	520	520	38.71
hint-reversed raw	14	positive	1589	1	664	664	34.35
hint-reversed raw	14	positive	1589	2	1570	1570	26.93
hint-reversed raw	14	positive	1589	3	61	61	25.27
hint-reversed raw	14	positive	1589	4	2541	2541	30.86
hint-reversed raw	14	flat-negative	1589	0	-1	2751	-13.81
hint-reversed raw	14	flat-negative	1589	1	-1	1782	-15.61
hint-reversed raw	14	flat-negative	1589	2	-1	781	-15.47
hint-reversed raw	14	flat-negative	1589	3	-1	626	-17.64
hint-reversed raw	14	flat-negative	1589	4	-1	2008	-14.95
hint-reversed raw	15	positive	3316	0	1113	1113	154.32
hint-reversed raw	15	positive	3316	1	2422	2422	126.66
hint-reversed raw	15	positive	3316	2	2769	2769	163.57
hint-reversed raw	15	positive	3316	3	173	173	151.02
hint-reversed raw	15	positive	3316	4	333	333	174.67
hint-reversed raw	15	flat-negative	3316	0	-1	846	-84.64
hint-reversed raw	15	flat-negative	3316	1	-1	2031	-90.0
hint-reversed raw	15	flat-negative	3316	2	-1	1614	-87.24
hint-reversed raw	15	flat-negative	3316	3	-1	832	-84.12
hint-reversed raw	15	flat-negative	3316	4	-1	2387	-84.72
page_17.bin raw	7-15	positive	12956	0	4387	4387	1690.38
page_17.bin raw	7-15	positive	12956	1	11065	11065	1644.99
page_17.bin raw	7-15	positive	12956	2	28652	28652	1700.01
page_17.bin raw	7-15	positive	12956	3	11440	11440	1634.27
page_17.bin raw	7-15	positive	12956	4	36998	36998	1731.0
page_17.bin raw	7-15	flat-negative	12956	0	-1	19051	-903.38
page_17.bin raw	7-15	flat-negative	12956	1	-1	47163	-880.09
page_17.bin raw	7-15	flat-negative	12956	2	-1	17308	-886.88
page_17.bin raw	7-15	flat-negative	12956	3	-1	43263	-893.56
page_17.bin raw	7-15	flat-negative	12956	4	-1	34189	-889.64
page_17.bin raw	7	positive	729	0	25598	26599	-0.51
page_17.bin raw	7	positive	729	1	32902	32902	3.75
page_17.bin raw	7	positive	729	2	39943	20582	0.36
page_17.bin raw	7	positive	729	3	55710	38699	-0.83
page_17.bin raw	7	positive	729	4	27419	7542	-0.35
page_17.bin raw	7	flat-negative	729	0	-1	20658	-0.91
page_17.bin raw	7	flat-negative	729	1	-1	718	-1.31
page_17.bin raw	7	flat-negative	729	2	-1	29244	-0.58
page_17.bin raw	7	flat-negative	729	3	-1	57288	0.64
page_17.bin raw	7	flat-negative	729	4	-1	52812	-0.4
page_17.bin raw	8	positive	1145	0	45125	45125	25.89
page_17.bin raw	8	positive	1145	1	55411	55411	6.11
page_17.bin raw	8	positive	1145	2	18464	18464	13.44
page_17.bin raw	8	positive	1145	3	57794	57794	12.89
page_17.bin raw	8	positive	1145	4	13533	13533	14.49
page_17.bin raw	8	flat-negative	1145	0	-1	54802	-3.38
page_17.bin raw	8	flat-negative	1145	1	-1	12942	-5.69
page_17.bin raw	8	flat-negative	1145	2	-1	3740	-5.15
page_17.bin raw	8	flat-negative	1145	3	-1	9857	-4.83
page_17.bin raw	8	flat-negative	1145	4	-1	53850	-0.89
page_17.bin raw	9	positive	1729	0	31495	31495	50.27
page_17.bin raw	9	positive	1729	1	49637	49637	27.53
page_17.bin raw	9	positive	1729	2	10753	10753	49.49
page_17.bin raw	9	positive	1729	3	51114	51114	44.5
page_17.bin raw	9	positive	1729	4	35792	35792	45.73
page_17.bin raw	9	flat-negative	1729	0	-1	2982	-15.19
page_17.bin raw	9	flat-negative	1729	1	-1	38835	-12.93
page_17.bin raw	9	flat-negative	1729	2	-1	19295	-15.17
page_17.bin raw	9	flat-negative	1729	3	-1	19279	-13.3
page_17.bin raw	9	flat-negative	1729	4	-1	25799	-14.06
page_17.bin raw	10	positive	9	0	43075	8582	-0.0
page_17.bin raw	10	positive	9	1	37952	0	-0.0
page_17.bin raw	10	positive	9	2	9079	470	0.0
page_17.bin raw	10	positive	9	3	29965	0	-0.0
page_17.bin raw	10	positive	9	4	33149	0	-0.0
page_17.bin raw	10	flat-negative	9	0	-1	9897	0.0
page_17.bin raw	10	flat-negative	9	1	-1	8584	-0.0
page_17.bin raw	10	flat-negative	9	2	-1	939	-0.0
page_17.bin raw	10	flat-negative	9	3	-1	0	-0.0
page_17.bin raw	10	flat-negative	9	4	-1	11962	0.0
page_17.bin raw	11	positive	1894	0	37092	37092	25.43
page_17.bin raw	11	positive	1894	1	1084	1084	21.29
page_17.bin raw	11	positive	1894	2	11357	11357	40.99
page_17.bin raw	11	positive	1894	3	9899	9899	48.31
page_17.bin raw	11	positive	1894	4	777	777	43.17
page_17.bin raw	11	flat-negative	1894	0	-1	52398	-19.01
page_17.bin raw	11	flat-negative	1894	1	-1	31239	-15.63
page_17.bin raw	11	flat-negative	1894	2	-1	51079	-18.86
page_17.bin raw	11	flat-negative	1894	3	-1	14953	-17.1
page_17.bin raw	11	flat-negative	1894	4	-1	7152	-18.88
page_17.bin raw	12	positive	1021	0	22639	22639	5.96
page_17.bin raw	12	positive	1021	1	37237	37237	7.18
page_17.bin raw	12	positive	1021	2	3858	3858	-1.61
page_17.bin raw	12	positive	1021	3	15088	15088	1.59
page_17.bin raw	12	positive	1021	4	30035	30035	-1.27
page_17.bin raw	12	flat-negative	1021	0	-1	30889	-2.43
page_17.bin raw	12	flat-negative	1021	1	-1	56543	-2.72
page_17.bin raw	12	flat-negative	1021	2	-1	32738	-1.29
page_17.bin raw	12	flat-negative	1021	3	-1	42894	-2.81
page_17.bin raw	12	flat-negative	1021	4	-1	6985	-3.23
page_17.bin raw	13	positive	1524	0	22688	22688	27.18
page_17.bin raw	13	positive	1524	1	41870	41870	29.17
page_17.bin raw	13	positive	1524	2	44600	44600	27.89
page_17.bin raw	13	positive	1524	3	5979	5979	22.97
page_17.bin raw	13	positive	1524	4	11289	11289	19.46
page_17.bin raw	13	flat-negative	1524	0	-1	13120	-6.54
page_17.bin raw	13	flat-negative	1524	1	-1	39648	-10.86
page_17.bin raw	13	flat-negative	1524	2	-1	43462	-12.24
page_17.bin raw	13	flat-negative	1524	3	-1	39366	-9.69
page_17.bin raw	13	flat-negative	1524	4	-1	41500	-9.24
page_17.bin raw	14	positive	1589	0	24368	24368	16.49
page_17.bin raw	14	positive	1589	1	9785	9785	33.66
page_17.bin raw	14	positive	1589	2	11356	11356	31.63
page_17.bin raw	14	positive	1589	3	11897	11897	22.54
page_17.bin raw	14	positive	1589	4	3935	3935	32.67
page_17.bin raw	14	flat-negative	1589	0	-1	29021	-13.04
page_17.bin raw	14	flat-negative	1589	1	-1	37561	-12.1
page_17.bin raw	14	flat-negative	1589	2	-1	33660	-10.6
page_17.bin raw	14	flat-negative	1589	3	-1	9722	-9.77
page_17.bin raw	14	flat-negative	1589	4	-1	28684	-13.1
page_17.bin raw	15	positive	3316	0	36780	36780	146.26
page_17.bin raw	15	positive	3316	1	8802	8802	132.11
page_17.bin raw	15	positive	3316	2	11904	11904	132.05
page_17.bin raw	15	positive	3316	3	6023	6023	125.8
page_17.bin raw	15	positive	3316	4	19221	19221	163.6
page_17.bin raw	15	flat-negative	3316	0	-1	2353	-75.81
page_17.bin raw	15	flat-negative	3316	1	-1	15965	-77.03
page_17.bin raw	15	flat-negative	3316	2	-1	5714	-61.69
page_17.bin raw	15	flat-negative	3316	3	-1	10021	-79.76
page_17.bin raw	15	flat-negative	3316	4	-1	38009	-71.52
page_21.bin raw	7-15	positive	12956	0	29704	29704	1672.5
page_21.bin raw	7-15	positive	12956	1	9835	9835	1697.4
page_21.bin raw	7-15	positive	12956	2	24521	24521	1667.2
page_21.bin raw	7-15	positive	12956	3	11497	11497	1674.03
page_21.bin raw	7-15	positive	12956	4	38786	38786	1646.63
page_21.bin raw	7-15	flat-negative	12956	0	-1	28802	-906.02
page_21.bin raw	7-15	flat-negative	12956	1	-1	5843	-887.17
page_21.bin raw	7-15	flat-negative	12956	2	-1	38290	-899.55
page_21.bin raw	7-15	flat-negative	12956	3	-1	51053	-875.31
page_21.bin raw	7-15	flat-negative	12956	4	-1	16910	-900.15
page_21.bin raw	7	positive	729	0	55166	11867	0.03
page_21.bin raw	7	positive	729	1	35016	35016	6.88
page_21.bin raw	7	positive	729	2	46854	46302	0.44
page_21.bin raw	7	positive	729	3	31166	31166	-0.76
page_21.bin raw	7	positive	729	4	37728	24713	-1.04
page_21.bin raw	7	flat-negative	729	0	-1	57542	0.33
page_21.bin raw	7	flat-negative	729	1	-1	43741	0.14
page_21.bin raw	7	flat-negative	729	2	-1	30288	-1.11
page_21.bin raw	7	flat-negative	729	3	-1	15481	-1.23
page_21.bin raw	7	flat-negative	729	4	-1	22622	0.45
page_21.bin raw	8	positive	1145	0	11470	11470	14.78
page_21.bin raw	8	positive	1145	1	40154	40154	6.65
page_21.bin raw	8	positive	1145	2	8645	8645	1.15
page_21.bin raw	8	positive	1145	3	48432	48432	20.54
page_21.bin raw	8	positive	1145	4	47662	47662	8.04
page_21.bin raw	8	flat-negative	1145	0	-1	28261	-1.88
page_21.bin raw	8	flat-negative	1145	1	-1	23209	-2.59
page_21.bin raw	8	flat-negative	1145	2	-1	919	-4.42
page_21.bin raw	8	flat-negative	1145	3	-1	10182	-2.39
page_21.bin raw	8	flat-negative	1145	4	-1	19513	-4.94
page_21.bin raw	9	positive	1729	0	2974	2974	37.64
page_21.bin raw	9	positive	1729	1	30295	30295	41.75
page_21.bin raw	9	positive	1729	2	1482	1482	30.35
page_21.bin raw	9	positive	1729	3	27926	27926	29.31
page_21.bin raw	9	positive	1729	4	57489	57489	27.13
page_21.bin raw	9	flat-negative	1729	0	-1	16746	-8.61
page_21.bin raw	9	flat-negative	1729	1	-1	49299	-14.47
page_21.bin raw	9	flat-negative	1729	2	-1	53405	-15.27
page_21.bin raw	9	flat-negative	1729	3	-1	2099	-15.15
page_21.bin raw	9	flat-negative	1729	4	-1	50530	-11.78
page_21.bin raw	10	positive	9	0	48253	3078	-0.0
page_21.bin raw	10	positive	9	1	28255	469	0.0
page_21.bin raw	10	positive	9	2	1463	8388	-0.0
page_21.bin raw	10	positive	9	3	43822	939	0.0
page_21.bin raw	10	positive	9	4	48256	0	-0.0
page_21.bin raw	10	flat-negative	9	0	-1	3908	-0.0
page_21.bin raw	10	flat-negative	9	1	-1	3573	-0.0
page_21.bin raw	10	flat-negative	9	2	-1	4129	-0.0
page_21.bin raw	10	flat-negative	9	3	-1	52044	0.01
page_21.bin raw	10	flat-negative	9	4	-1	38781	0.0
page_21.bin raw	11	positive	1894	0	37076	37076	49.56
page_21.bin raw	11	positive	1894	1	32745	32745	48.65
page_21.bin raw	11	positive	1894	2	6641	6641	48.32
page_21.bin raw	11	positive	1894	3	54915	54915	41.38
page_21.bin raw	11	positive	1894	4	53749	53749	55.94
page_21.bin raw	11	flat-negative	1894	0	-1	2864	-19.08
page_21.bin raw	11	flat-negative	1894	1	-1	36432	-18.19
page_21.bin raw	11	flat-negative	1894	2	-1	41964	-17.02
page_21.bin raw	11	flat-negative	1894	3	-1	43061	-20.54
page_21.bin raw	11	flat-negative	1894	4	-1	44578	-14.57
page_21.bin raw	12	positive	1021	0	43259	43259	7.51
page_21.bin raw	12	positive	1021	1	17315	17448	-2.43
page_21.bin raw	12	positive	1021	2	41442	41442	12.28
page_21.bin raw	12	positive	1021	3	35899	35899	1.8
page_21.bin raw	12	positive	1021	4	51076	51076	-0.27
page_21.bin raw	12	flat-negative	1021	0	-1	1553	-2.22
page_21.bin raw	12	flat-negative	1021	1	-1	53161	-1.4
page_21.bin raw	12	flat-negative	1021	2	-1	10399	-3.01
page_21.bin raw	12	flat-negative	1021	3	-1	18304	-3.77
page_21.bin raw	12	flat-negative	1021	4	-1	35262	-1.14
page_21.bin raw	13	positive	1524	0	33419	33419	23.37
page_21.bin raw	13	positive	1524	1	35374	35374	19.23
page_21.bin raw	13	positive	1524	2	10548	10548	25.38
page_21.bin raw	13	positive	1524	3	32760	32760	27.86
page_21.bin raw	13	positive	1524	4	48067	48067	21.47
page_21.bin raw	13	flat-negative	1524	0	-1	48373	-10.12
page_21.bin raw	13	flat-negative	1524	1	-1	23731	-11.35
page_21.bin raw	13	flat-negative	1524	2	-1	3556	-8.68
page_21.bin raw	13	flat-negative	1524	3	-1	46560	-9.8
page_21.bin raw	13	flat-negative	1524	4	-1	2869	-11.99
page_21.bin raw	14	positive	1589	0	6631	6631	45.48
page_21.bin raw	14	positive	1589	1	4536	4536	38.09
page_21.bin raw	14	positive	1589	2	29428	29428	14.06
page_21.bin raw	14	positive	1589	3	20319	20319	22.87
page_21.bin raw	14	positive	1589	4	42801	42801	26.08
page_21.bin raw	14	flat-negative	1589	0	-1	33749	-7.97
page_21.bin raw	14	flat-negative	1589	1	-1	1695	-10.23
page_21.bin raw	14	flat-negative	1589	2	-1	31420	-7.0
page_21.bin raw	14	flat-negative	1589	3	-1	51663	-4.91
page_21.bin raw	14	flat-negative	1589	4	-1	23521	-11.94
page_21.bin raw	15	positive	3316	0	32801	32801	161.75
page_21.bin raw	15	positive	3316	1	43620	43620	161.05
page_21.bin raw	15	positive	3316	2	10072	10072	141.77
page_21.bin raw	15	positive	3316	3	36692	36692	154.54
page_21.bin raw	15	positive	3316	4	35037	35037	155.28
page_21.bin raw	15	flat-negative	3316	0	-1	10229	-78.97
page_21.bin raw	15	flat-negative	3316	1	-1	4100	-73.59
page_21.bin raw	15	flat-negative	3316	2	-1	26652	-79.9
page_21.bin raw	15	flat-negative	3316	3	-1	5215	-76.11
page_21.bin raw	15	flat-negative	3316	4	-1	31967	-80.01
page_43.bin raw	7-15	positive	12956	0	38471	38471	1662.84
page_43.bin raw	7-15	positive	12956	1	17326	17326	1710.06
page_43.bin raw	7-15	positive	12956	2	54928	54928	1744.75
page_43.bin raw	7-15	positive	12956	3	21142	21142	1677.46
page_43.bin raw	7-15	positive	12956	4	44335	44335	1667.52
page_43.bin raw	7-15	flat-negative	12956	0	-1	38258	-885.69
page_43.bin raw	7-15	flat-negative	12956	1	-1	43540	-896.97
page_43.bin raw	7-15	flat-negative	12956	2	-1	21761	-892.56
page_43.bin raw	7-15	flat-negative	12956	3	-1	14139	-899.52
page_43.bin raw	7-15	flat-negative	12956	4	-1	43894	-878.81
page_43.bin raw	7	positive	729	0	38493	39526	-0.07
page_43.bin raw	7	positive	729	1	38534	5785	-0.39
page_43.bin raw	7	positive	729	2	17356	44802	-0.75
page_43.bin raw	7	positive	729	3	30796	38538	-1.08
page_43.bin raw	7	positive	729	4	44091	10318	-0.79
page_43.bin raw	7	flat-negative	729	0	-1	31215	-0.67
page_43.bin raw	7	flat-negative	729	1	-1	18755	0.17
page_43.bin raw	7	flat-negative	729	2	-1	26221	-0.18
page_43.bin raw	7	flat-negative	729	3	-1	55916	-1.13
page_43.bin raw	7	flat-negative	729	4	-1	29540	0.36
page_43.bin raw	8	positive	1145	0	54167	54167	14.16
page_43.bin raw	8	positive	1145	1	6499	6499	5.31
page_43.bin raw	8	positive	1145	2	49391	49391	8.81
page_43.bin raw	8	positive	1145	3	45400	45400	7.01
page_43.bin raw	8	positive	1145	4	50914	50914	6.1
page_43.bin raw	8	flat-negative	1145	0	-1	41758	0.05
page_43.bin raw	8	flat-negative	1145	1	-1	22025	-4.97
page_43.bin raw	8	flat-negative	1145	2	-1	43403	-4.94
page_43.bin raw	8	flat-negative	1145	3	-1	5282	-5.44
page_43.bin raw	8	flat-negative	1145	4	-1	38196	-3.26
page_43.bin raw	9	positive	1729	0	540	540	27.9
page_43.bin raw	9	positive	1729	1	32205	32205	44.27
page_43.bin raw	9	positive	1729	2	31119	31119	24.83
page_43.bin raw	9	positive	1729	3	36791	36791	41.55
page_43.bin raw	9	positive	1729	4	20662	20662	18.19
page_43.bin raw	9	flat-negative	1729	0	-1	52908	-15.97
page_43.bin raw	9	flat-negative	1729	1	-1	7300	-13.2
page_43.bin raw	9	flat-negative	1729	2	-1	30403	-14.63
page_43.bin raw	9	flat-negative	1729	3	-1	51769	-15.71
page_43.bin raw	9	flat-negative	1729	4	-1	11530	-15.32
page_43.bin raw	10	positive	9	0	37389	1641	-0.0
page_43.bin raw	10	positive	9	1	33046	469	-0.0
page_43.bin raw	10	positive	9	2	49465	0	-0.0
page_43.bin raw	10	positive	9	3	43352	1355	0.0
page_43.bin raw	10	positive	9	4	44755	9751	0.0
page_43.bin raw	10	flat-negative	9	0	-1	782	-0.0
page_43.bin raw	10	flat-negative	9	1	-1	0	-0.0
page_43.bin raw	10	flat-negative	9	2	-1	3487	-0.0
page_43.bin raw	10	flat-negative	9	3	-1	0	-0.0
page_43.bin raw	10	flat-negative	9	4	-1	24857	0.0
page_43.bin raw	11	positive	1894	0	19804	19804	40.77
page_43.bin raw	11	positive	1894	1	6993	6993	48.68
page_43.bin raw	11	positive	1894	2	47829	47829	36.25
page_43.bin raw	11	positive	1894	3	37872	37872	36.11
page_43.bin raw	11	positive	1894	4	53853	53853	34.65
page_43.bin raw	11	flat-negative	1894	0	-1	30552	-14.53
page_43.bin raw	11	flat-negative	1894	1	-1	14315	-17.67
page_43.bin raw	11	flat-negative	1894	2	-1	30484	-18.9
page_43.bin raw	11	flat-negative	1894	3	-1	18934	-18.39
page_43.bin raw	11	flat-negative	1894	4	-1	18486	-19.55
page_43.bin raw	12	positive	1021	0	32648	32648	4.96
page_43.bin raw	12	positive	1021	1	29529	29529	-2.08
page_43.bin raw	12	positive	1021	2	20738	33341	0.86
page_43.bin raw	12	positive	1021	3	22956	38647	-1.82
page_43.bin raw	12	positive	1021	4	18391	18391	7.31
page_43.bin raw	12	flat-negative	1021	0	-1	47569	-3.56
page_43.bin raw	12	flat-negative	1021	1	-1	48838	-2.75
page_43.bin raw	12	flat-negative	1021	2	-1	48668	-2.28
page_43.bin raw	12	flat-negative	1021	3	-1	23705	-2.8
page_43.bin raw	12	flat-negative	1021	4	-1	48331	-2.62
page_43.bin raw	13	positive	1524	0	28407	28407	32.29
page_43.bin raw	13	positive	1524	1	6221	6221	22.24
page_43.bin raw	13	positive	1524	2	19752	19752	29.96
page_43.bin raw	13	positive	1524	3	11186	11186	33.51
page_43.bin raw	13	positive	1524	4	8468	8468	22.9
page_43.bin raw	13	flat-negative	1524	0	-1	33377	-10.3
page_43.bin raw	13	flat-negative	1524	1	-1	21080	-8.52
page_43.bin raw	13	flat-negative	1524	2	-1	46719	-10.01
page_43.bin raw	13	flat-negative	1524	3	-1	37508	-8.14
page_43.bin raw	13	flat-negative	1524	4	-1	24165	-9.27
page_43.bin raw	14	positive	1589	0	54811	54811	27.98
page_43.bin raw	14	positive	1589	1	34533	34533	23.84
page_43.bin raw	14	positive	1589	2	5538	5538	22.1
page_43.bin raw	14	positive	1589	3	6990	6990	28.27
page_43.bin raw	14	positive	1589	4	41997	41997	35.53
page_43.bin raw	14	flat-negative	1589	0	-1	21337	-6.43
page_43.bin raw	14	flat-negative	1589	1	-1	11056	-11.31
page_43.bin raw	14	flat-negative	1589	2	-1	56733	-12.97
page_43.bin raw	14	flat-negative	1589	3	-1	52130	-12.38
page_43.bin raw	14	flat-negative	1589	4	-1	6707	-7.57
page_43.bin raw	15	positive	3316	0	33133	33133	144.04
page_43.bin raw	15	positive	3316	1	34021	34021	137.26
page_43.bin raw	15	positive	3316	2	52639	52639	130.18
page_43.bin raw	15	positive	3316	3	23255	23255	153.43
page_43.bin raw	15	positive	3316	4	30723	30723	152.27
page_43.bin raw	15	flat-negative	3316	0	-1	15691	-75.12
page_43.bin raw	15	flat-negative	3316	1	-1	29357	-75.89
page_43.bin raw	15	flat-negative	3316	2	-1	30092	-75.95
page_43.bin raw	15	flat-negative	3316	3	-1	8973	-73.85
page_43.bin raw	15	flat-negative	3316	4	-1	53918	-77.01
hint raw	7-15	lp2-null	12956	0	-1	2078	-908.34
hint-reversed raw	7-15	lp2-null	12956	0	-1	1679	-914.94
page_17.bin raw	7-15	lp2-null	12956	0	-1	56364	-878.2
page_21.bin raw	7-15	lp2-null	12956	0	-1	11512	-876.57
page_43.bin raw	7-15	lp2-null	12956	0	-1	1331	-905.97
