key	alignment	runes	phases	best_phase	best_phase_log_lr	log_mean_lr	verdict
hint raw	7-15	12956	3368	1988	-928.09	-936.16	EXCLUDED
hint raw	7	729	3368	2807	5.68	-1.59	untestable
hint raw	8	1145	3368	2002	1.26	-6.42	untestable
hint raw	9	1729	3368	3030	-13.95	-20.95	untestable
hint raw	10	9	3368	1651	0.59	-0.0	untestable
hint raw	11	1894	3368	2189	-17.14	-25.09	untestable
hint raw	12	1021	3368	2812	2.39	-4.88	untestable
hint raw	13	1524	3368	2859	-5.71	-13.27	untestable
hint raw	14	1589	3368	1037	-4.59	-12.63	untestable
hint raw	15	3316	3368	3009	-77.61	-85.4	EXCLUDED
hint-reversed raw	7-15	12956	3368	794	-931.66	-938.92	EXCLUDED
hint-reversed raw	7	729	3368	3105	7.0	-0.51	untestable
hint-reversed raw	8	1145	3368	1885	2.45	-4.69	untestable
hint-reversed raw	9	1729	3368	2793	-8.2	-16.09	untestable
hint-reversed raw	10	9	3368	387	0.59	-0.0	untestable
hint-reversed raw	11	1894	3368	1898	-13.94	-21.74	untestable
hint-reversed raw	12	1021	3368	2831	2.3	-4.73	untestable
hint-reversed raw	13	1524	3368	1200	-6.88	-14.37	untestable
hint-reversed raw	14	1589	3368	662	-7.18	-14.67	untestable
hint-reversed raw	15	3316	3368	2987	-76.35	-84.28	EXCLUDED
page_17.bin raw	7-15	12956	58152	26829	-883.12	-894.03	EXCLUDED
page_17.bin raw	7	729	58152	12530	7.98	-0.98	untestable
page_17.bin raw	8	1145	58152	19937	5.86	-4.03	untestable
page_17.bin raw	9	1729	58152	18534	-3.98	-14.64	untestable
page_17.bin raw	10	9	58152	838	0.59	-0.0	untestable
page_17.bin raw	11	1894	58152	11610	-9.14	-19.96	untestable
page_17.bin raw	12	1021	58152	18540	11.69	0.84	untestable
page_17.bin raw	13	1524	58152	21581	3.77	-6.97	untestable
page_17.bin raw	14	1589	58152	43262	2.73	-8.23	untestable
page_17.bin raw	15	3316	58152	45601	-63.26	-74.19	EXCLUDED
page_21.bin raw	7-15	12956	58152	40464	-894.43	-904.99	EXCLUDED
page_21.bin raw	7	729	58152	12483	7.62	-1.29	untestable
page_21.bin raw	8	1145	58152	32513	6.06	-3.89	untestable
page_21.bin raw	9	1729	58152	14595	-3.44	-13.94	untestable
page_21.bin raw	10	9	58152	838	0.59	-0.0	untestable
page_21.bin raw	11	1894	58152	6460	-9.21	-19.68	EXCLUDED
page_21.bin raw	12	1021	58152	2816	6.4	-3.12	untestable
page_21.bin raw	13	1524	58152	30833	0.02	-10.0	untestable
page_21.bin raw	14	1589	58152	35687	0.84	-10.02	untestable
page_21.bin raw	15	3316	58152	30192	-61.77	-72.74	EXCLUDED
page_43.bin raw	7-15	12956	58152	19169	-884.84	-895.79	EXCLUDED
page_43.bin raw	7	729	58152	53997	8.17	-0.89	untestable
page_43.bin raw	8	1145	58152	18811	5.47	-4.5	untestable
page_43.bin raw	9	1729	58152	12651	-5.44	-15.38	untestable
page_43.bin raw	10	9	58152	838	0.59	-0.0	untestable
page_43.bin raw	11	1894	58152	27671	-6.92	-17.33	EXCLUDED
page_43.bin raw	12	1021	58152	48852	9.42	-1.25	untestable
page_43.bin raw	13	1524	58152	27060	5.96	-4.93	untestable
page_43.bin raw	14	1589	58152	11910	-0.13	-10.93	untestable
page_43.bin raw	15	3316	58152	18149	-65.08	-75.68	EXCLUDED
