reading	key	op_or_mode	direction	printable	signature	log_lr_nats	verdict
bytes	AN END hash	xor	forward	0.328	-		fail
bytes	AN END hash	b-k	forward	0.379	-		fail
bytes	AN END hash	b+k	forward	0.371	-		fail
bytes	AN END hash reversed	xor	forward	0.367	-		fail
bytes	AN END hash reversed	b-k	forward	0.387	-		fail
bytes	AN END hash reversed	b+k	forward	0.383	-		fail
bytes	phi(prime) mod 256	xor	forward	0.324	-		fail
bytes	phi(prime) mod 256	b-k	forward	0.395	-		fail
bytes	phi(prime) mod 256	b+k	forward	0.344	-		fail
bytes	primes mod 256	xor	forward	0.312	-		fail
bytes	primes mod 256	b-k	forward	0.387	-		fail
bytes	primes mod 256	b+k	forward	0.355	-		fail
bytes	scan-32 square cells mod 256	xor	forward	0.371	-		fail
bytes	scan-32 square cells mod 256	b-k	forward	0.344	-		fail
bytes	scan-32 square cells mod 256	b+k	forward	0.383	-		fail
bytes	ASCII DIVINITY	xor	forward	0.375	-		fail
bytes	ASCII DIVINITY	b-k	forward	0.426	-		fail
bytes	ASCII DIVINITY	b+k	forward	0.348	-		fail
bytes	ASCII divinity	xor	forward	0.395	-		fail
bytes	ASCII divinity	b-k	forward	0.398	-		fail
bytes	ASCII divinity	b+k	forward	0.359	-		fail
bytes	ASCII FIRFUMFERENFE	xor	forward	0.355	-		fail
bytes	ASCII FIRFUMFERENFE	b-k	forward	0.426	-		fail
bytes	ASCII FIRFUMFERENFE	b+k	forward	0.367	-		fail
bytes	ASCII firfumferenfe	xor	forward	0.387	-		fail
bytes	ASCII firfumferenfe	b-k	forward	0.395	-		fail
bytes	ASCII firfumferenfe	b+k	forward	0.355	-		fail
bytes	ASCII CIRCUMFERENCE	xor	forward	0.359	-		fail
bytes	ASCII CIRCUMFERENCE	b-k	forward	0.422	-		fail
bytes	ASCII CIRCUMFERENCE	b+k	forward	0.367	-		fail
bytes	ASCII circumference	xor	forward	0.391	-		fail
bytes	ASCII circumference	b-k	forward	0.395	-		fail
bytes	ASCII circumference	b+k	forward	0.352	-		fail
bytes	ASCII 3301	xor	forward	0.359	-		fail
bytes	ASCII 3301	b-k	forward	0.395	-		fail
bytes	ASCII 3301	b+k	forward	0.375	-		fail
bytes	AN END hash	xor	reversed	0.367	-		fail
bytes	AN END hash	b-k	reversed	0.387	-		fail
bytes	AN END hash	b+k	reversed	0.383	-		fail
bytes	AN END hash reversed	xor	reversed	0.328	-		fail
bytes	AN END hash reversed	b-k	reversed	0.379	-		fail
bytes	AN END hash reversed	b+k	reversed	0.371	-		fail
bytes	phi(prime) mod 256	xor	reversed	0.363	-		fail
bytes	phi(prime) mod 256	b-k	reversed	0.402	-		fail
bytes	phi(prime) mod 256	b+k	reversed	0.363	-		fail
bytes	primes mod 256	xor	reversed	0.371	-		fail
bytes	primes mod 256	b-k	reversed	0.410	-		fail
bytes	primes mod 256	b+k	reversed	0.359	-		fail
bytes	scan-32 square cells mod 256	xor	reversed	0.395	-		fail
bytes	scan-32 square cells mod 256	b-k	reversed	0.363	-		fail
bytes	scan-32 square cells mod 256	b+k	reversed	0.352	-		fail
bytes	ASCII DIVINITY	xor	reversed	0.355	-		fail
bytes	ASCII DIVINITY	b-k	reversed	0.426	-		fail
bytes	ASCII DIVINITY	b+k	reversed	0.340	-		fail
bytes	ASCII divinity	xor	reversed	0.379	-		fail
bytes	ASCII divinity	b-k	reversed	0.391	-		fail
bytes	ASCII divinity	b+k	reversed	0.355	-		fail
bytes	ASCII FIRFUMFERENFE	xor	reversed	0.371	-		fail
bytes	ASCII FIRFUMFERENFE	b-k	reversed	0.410	-		fail
bytes	ASCII FIRFUMFERENFE	b+k	reversed	0.320	-		fail
bytes	ASCII firfumferenfe	xor	reversed	0.383	-		fail
bytes	ASCII firfumferenfe	b-k	reversed	0.387	-		fail
bytes	ASCII firfumferenfe	b+k	reversed	0.363	-		fail
bytes	ASCII CIRCUMFERENCE	xor	reversed	0.367	-		fail
bytes	ASCII CIRCUMFERENCE	b-k	reversed	0.414	-		fail
bytes	ASCII CIRCUMFERENCE	b+k	reversed	0.320	-		fail
bytes	ASCII circumference	xor	reversed	0.391	-		fail
bytes	ASCII circumference	b-k	reversed	0.391	-		fail
bytes	ASCII circumference	b+k	reversed	0.367	-		fail
bytes	ASCII 3301	xor	reversed	0.340	-		fail
bytes	ASCII 3301	b-k	reversed	0.383	-		fail
bytes	ASCII 3301	b+k	reversed	0.375	-		fail
bytes mod 29	constant	sub	forward shift 0			-115.31	fail
bytes mod 29	constant	sub	forward shift 1			-113.09	fail
bytes mod 29	constant	sub	forward shift 2			-90.79	fail
bytes mod 29	constant	sub	forward shift 3			-138.89	fail
bytes mod 29	constant	sub	forward shift 4			-102.93	fail
bytes mod 29	constant	sub	forward shift 5			-116.22	fail
bytes mod 29	constant	sub	forward shift 6			-127.83	fail
bytes mod 29	constant	sub	forward shift 7			-111.99	fail
bytes mod 29	constant	sub	forward shift 8			-96.67	fail
bytes mod 29	constant	sub	forward shift 9			-87.91	fail
bytes mod 29	constant	sub	forward shift 10			-76.14	fail
bytes mod 29	constant	sub	forward shift 11			-113.88	fail
bytes mod 29	constant	sub	forward shift 12			-92.41	fail
bytes mod 29	constant	sub	forward shift 13			-107.41	fail
bytes mod 29	constant	sub	forward shift 14			-110.37	fail
bytes mod 29	constant	sub	forward shift 15			-85.94	fail
bytes mod 29	constant	sub	forward shift 16			-102.18	fail
bytes mod 29	constant	sub	forward shift 17			-122.89	fail
bytes mod 29	constant	sub	forward shift 18			-92.62	fail
bytes mod 29	constant	sub	forward shift 19			-91.19	fail
bytes mod 29	constant	sub	forward shift 20			-98.31	fail
bytes mod 29	constant	sub	forward shift 21			-90.82	fail
bytes mod 29	constant	sub	forward shift 22			-118.77	fail
bytes mod 29	constant	sub	forward shift 23			-104.42	fail
bytes mod 29	constant	sub	forward shift 24			-58.46	fail
bytes mod 29	constant	sub	forward shift 25			-87.31	fail
bytes mod 29	constant	sub	forward shift 26			-110.01	fail
bytes mod 29	constant	sub	forward shift 27			-90.88	fail
bytes mod 29	constant	sub	forward shift 28			-96.88	fail
bytes mod 29	phi(prime)	sub	forward			-38.10	fail
bytes mod 29	DIVINITY	sub	forward			-37.99	fail
bytes mod 29	FIRFUMFERENFE	sub	forward			-39.12	fail
bytes mod 29	constant	add	forward shift 0			-115.31	fail
bytes mod 29	constant	add	forward shift 1			-96.88	fail
bytes mod 29	constant	add	forward shift 2			-90.88	fail
bytes mod 29	constant	add	forward shift 3			-110.01	fail
bytes mod 29	constant	add	forward shift 4			-87.31	fail
bytes mod 29	constant	add	forward shift 5			-58.46	fail
bytes mod 29	constant	add	forward shift 6			-104.42	fail
bytes mod 29	constant	add	forward shift 7			-118.77	fail
bytes mod 29	constant	add	forward shift 8			-90.82	fail
bytes mod 29	constant	add	forward shift 9			-98.31	fail
bytes mod 29	constant	add	forward shift 10			-91.19	fail
bytes mod 29	constant	add	forward shift 11			-92.62	fail
bytes mod 29	constant	add	forward shift 12			-122.89	fail
bytes mod 29	constant	add	forward shift 13			-102.18	fail
bytes mod 29	constant	add	forward shift 14			-85.94	fail
bytes mod 29	constant	add	forward shift 15			-110.37	fail
bytes mod 29	constant	add	forward shift 16			-107.41	fail
bytes mod 29	constant	add	forward shift 17			-92.41	fail
bytes mod 29	constant	add	forward shift 18			-113.88	fail
bytes mod 29	constant	add	forward shift 19			-76.14	fail
bytes mod 29	constant	add	forward shift 20			-87.91	fail
bytes mod 29	constant	add	forward shift 21			-96.67	fail
bytes mod 29	constant	add	forward shift 22			-111.99	fail
bytes mod 29	constant	add	forward shift 23			-127.83	fail
bytes mod 29	constant	add	forward shift 24			-116.22	fail
bytes mod 29	constant	add	forward shift 25			-102.93	fail
bytes mod 29	constant	add	forward shift 26			-138.89	fail
bytes mod 29	constant	add	forward shift 27			-90.79	fail
bytes mod 29	constant	add	forward shift 28			-113.09	fail
bytes mod 29	phi(prime)	add	forward			-20.35	fail
bytes mod 29	DIVINITY	add	forward			-47.06	fail
bytes mod 29	FIRFUMFERENFE	add	forward			-45.60	fail
bytes mod 29	constant	beaufort	forward shift 0			-81.36	fail
bytes mod 29	constant	beaufort	forward shift 1			-111.41	fail
bytes mod 29	constant	beaufort	forward shift 2			-83.27	fail
bytes mod 29	constant	beaufort	forward shift 3			-92.42	fail
bytes mod 29	constant	beaufort	forward shift 4			-84.45	fail
bytes mod 29	constant	beaufort	forward shift 5			-85.15	fail
bytes mod 29	constant	beaufort	forward shift 6			-87.99	fail
bytes mod 29	constant	beaufort	forward shift 7			-110.07	fail
bytes mod 29	constant	beaufort	forward shift 8			-89.82	fail
bytes mod 29	constant	beaufort	forward shift 9			-85.28	fail
bytes mod 29	constant	beaufort	forward shift 10			-135.66	fail
bytes mod 29	constant	beaufort	forward shift 11			-139.69	fail
bytes mod 29	constant	beaufort	forward shift 12			-98.16	fail
bytes mod 29	constant	beaufort	forward shift 13			-111.35	fail
bytes mod 29	constant	beaufort	forward shift 14			-87.24	fail
bytes mod 29	constant	beaufort	forward shift 15			-109.67	fail
bytes mod 29	constant	beaufort	forward shift 16			-106.79	fail
bytes mod 29	constant	beaufort	forward shift 17			-104.92	fail
bytes mod 29	constant	beaufort	forward shift 18			-121.17	fail
bytes mod 29	constant	beaufort	forward shift 19			-82.37	fail
bytes mod 29	constant	beaufort	forward shift 20			-91.82	fail
bytes mod 29	constant	beaufort	forward shift 21			-119.88	fail
bytes mod 29	constant	beaufort	forward shift 22			-100.22	fail
bytes mod 29	constant	beaufort	forward shift 23			-88.46	fail
bytes mod 29	constant	beaufort	forward shift 24			-124.18	fail
bytes mod 29	constant	beaufort	forward shift 25			-95.29	fail
bytes mod 29	constant	beaufort	forward shift 26			-111.20	fail
bytes mod 29	constant	beaufort	forward shift 27			-121.51	fail
bytes mod 29	constant	beaufort	forward shift 28			-94.41	fail
bytes mod 29	phi(prime)	beaufort	forward			-24.99	fail
bytes mod 29	DIVINITY	beaufort	forward			-57.36	fail
bytes mod 29	FIRFUMFERENFE	beaufort	forward			-41.36	fail
bytes mod 29	constant	sub	reversed shift 0			-114.10	fail
bytes mod 29	constant	sub	reversed shift 1			-114.25	fail
bytes mod 29	constant	sub	reversed shift 2			-93.31	fail
bytes mod 29	constant	sub	reversed shift 3			-138.41	fail
bytes mod 29	constant	sub	reversed shift 4			-102.04	fail
bytes mod 29	constant	sub	reversed shift 5			-118.57	fail
bytes mod 29	constant	sub	reversed shift 6			-126.52	fail
bytes mod 29	constant	sub	reversed shift 7			-110.71	fail
bytes mod 29	constant	sub	reversed shift 8			-98.38	fail
bytes mod 29	constant	sub	reversed shift 9			-88.80	fail
bytes mod 29	constant	sub	reversed shift 10			-79.33	fail
bytes mod 29	constant	sub	reversed shift 11			-114.28	fail
bytes mod 29	constant	sub	reversed shift 12			-89.07	fail
bytes mod 29	constant	sub	reversed shift 13			-111.14	fail
bytes mod 29	constant	sub	reversed shift 14			-110.43	fail
bytes mod 29	constant	sub	reversed shift 15			-89.27	fail
bytes mod 29	constant	sub	reversed shift 16			-101.71	fail
bytes mod 29	constant	sub	reversed shift 17			-117.33	fail
bytes mod 29	constant	sub	reversed shift 18			-91.36	fail
bytes mod 29	constant	sub	reversed shift 19			-92.28	fail
bytes mod 29	constant	sub	reversed shift 20			-97.68	fail
bytes mod 29	constant	sub	reversed shift 21			-91.47	fail
bytes mod 29	constant	sub	reversed shift 22			-120.15	fail
bytes mod 29	constant	sub	reversed shift 23			-106.51	fail
bytes mod 29	constant	sub	reversed shift 24			-61.22	fail
bytes mod 29	constant	sub	reversed shift 25			-88.68	fail
bytes mod 29	constant	sub	reversed shift 26			-109.59	fail
bytes mod 29	constant	sub	reversed shift 27			-87.74	fail
bytes mod 29	constant	sub	reversed shift 28			-97.81	fail
bytes mod 29	phi(prime)	sub	reversed			-33.91	fail
bytes mod 29	DIVINITY	sub	reversed			-34.75	fail
bytes mod 29	FIRFUMFERENFE	sub	reversed			-33.43	fail
bytes mod 29	constant	add	reversed shift 0			-114.10	fail
bytes mod 29	constant	add	reversed shift 1			-97.81	fail
bytes mod 29	constant	add	reversed shift 2			-87.74	fail
bytes mod 29	constant	add	reversed shift 3			-109.59	fail
bytes mod 29	constant	add	reversed shift 4			-88.68	fail
bytes mod 29	constant	add	reversed shift 5			-61.22	fail
bytes mod 29	constant	add	reversed shift 6			-106.51	fail
bytes mod 29	constant	add	reversed shift 7			-120.15	fail
bytes mod 29	constant	add	reversed shift 8			-91.47	fail
bytes mod 29	constant	add	reversed shift 9			-97.68	fail
bytes mod 29	constant	add	reversed shift 10			-92.28	fail
bytes mod 29	constant	add	reversed shift 11			-91.36	fail
bytes mod 29	constant	add	reversed shift 12			-117.33	fail
bytes mod 29	constant	add	reversed shift 13			-101.71	fail
bytes mod 29	constant	add	reversed shift 14			-89.27	fail
bytes mod 29	constant	add	reversed shift 15			-110.43	fail
bytes mod 29	constant	add	reversed shift 16			-111.14	fail
bytes mod 29	constant	add	reversed shift 17			-89.07	fail
bytes mod 29	constant	add	reversed shift 18			-114.28	fail
bytes mod 29	constant	add	reversed shift 19			-79.33	fail
bytes mod 29	constant	add	reversed shift 20			-88.80	fail
bytes mod 29	constant	add	reversed shift 21			-98.38	fail
bytes mod 29	constant	add	reversed shift 22			-110.71	fail
bytes mod 29	constant	add	reversed shift 23			-126.52	fail
bytes mod 29	constant	add	reversed shift 24			-118.57	fail
bytes mod 29	constant	add	reversed shift 25			-102.04	fail
bytes mod 29	constant	add	reversed shift 26			-138.41	fail
bytes mod 29	constant	add	reversed shift 27			-93.31	fail
bytes mod 29	constant	add	reversed shift 28			-114.25	fail
bytes mod 29	phi(prime)	add	reversed			-38.17	fail
bytes mod 29	DIVINITY	add	reversed			-46.05	fail
bytes mod 29	FIRFUMFERENFE	add	reversed			-55.58	fail
bytes mod 29	constant	beaufort	reversed shift 0			-83.47	fail
bytes mod 29	constant	beaufort	reversed shift 1			-111.01	fail
bytes mod 29	constant	beaufort	reversed shift 2			-82.40	fail
bytes mod 29	constant	beaufort	reversed shift 3			-93.35	fail
bytes mod 29	constant	beaufort	reversed shift 4			-84.72	fail
bytes mod 29	constant	beaufort	reversed shift 5			-85.06	fail
bytes mod 29	constant	beaufort	reversed shift 6			-88.10	fail
bytes mod 29	constant	beaufort	reversed shift 7			-111.31	fail
bytes mod 29	constant	beaufort	reversed shift 8			-89.52	fail
bytes mod 29	constant	beaufort	reversed shift 9			-89.40	fail
bytes mod 29	constant	beaufort	reversed shift 10			-134.55	fail
bytes mod 29	constant	beaufort	reversed shift 11			-138.83	fail
bytes mod 29	constant	beaufort	reversed shift 12			-98.60	fail
bytes mod 29	constant	beaufort	reversed shift 13			-110.86	fail
bytes mod 29	constant	beaufort	reversed shift 14			-87.42	fail
bytes mod 29	constant	beaufort	reversed shift 15			-111.83	fail
bytes mod 29	constant	beaufort	reversed shift 16			-105.45	fail
bytes mod 29	constant	beaufort	reversed shift 17			-104.65	fail
bytes mod 29	constant	beaufort	reversed shift 18			-124.18	fail
bytes mod 29	constant	beaufort	reversed shift 19			-85.15	fail
bytes mod 29	constant	beaufort	reversed shift 20			-97.18	fail
bytes mod 29	constant	beaufort	reversed shift 21			-117.14	fail
bytes mod 29	constant	beaufort	reversed shift 22			-95.63	fail
bytes mod 29	constant	beaufort	reversed shift 23			-89.97	fail
bytes mod 29	constant	beaufort	reversed shift 24			-120.59	fail
bytes mod 29	constant	beaufort	reversed shift 25			-94.22	fail
bytes mod 29	constant	beaufort	reversed shift 26			-112.00	fail
bytes mod 29	constant	beaufort	reversed shift 27			-121.53	fail
bytes mod 29	constant	beaufort	reversed shift 28			-95.65	fail
bytes mod 29	phi(prime)	beaufort	reversed			-30.87	fail
bytes mod 29	DIVINITY	beaufort	reversed			-58.49	fail
bytes mod 29	FIRFUMFERENFE	beaufort	reversed			-34.15	fail
base-60 digits mod 29	constant	sub	forward shift 0			-66.51	fail
base-60 digits mod 29	constant	sub	forward shift 1			-201.32	fail
base-60 digits mod 29	constant	sub	forward shift 2			-292.97	fail
base-60 digits mod 29	constant	sub	forward shift 3			-306.75	fail
base-60 digits mod 29	constant	sub	forward shift 4			-410.96	fail
base-60 digits mod 29	constant	sub	forward shift 5			-296.34	fail
base-60 digits mod 29	constant	sub	forward shift 6			-211.43	fail
base-60 digits mod 29	constant	sub	forward shift 7			-323.21	fail
base-60 digits mod 29	constant	sub	forward shift 8			-283.81	fail
base-60 digits mod 29	constant	sub	forward shift 9			-271.07	fail
base-60 digits mod 29	constant	sub	forward shift 10			-304.62	fail
base-60 digits mod 29	constant	sub	forward shift 11			-141.43	fail
base-60 digits mod 29	constant	sub	forward shift 12			-114.25	fail
base-60 digits mod 29	constant	sub	forward shift 13			-60.98	fail
base-60 digits mod 29	constant	sub	forward shift 14			-17.02	fail
base-60 digits mod 29	constant	sub	forward shift 15			-163.33	fail
base-60 digits mod 29	constant	sub	forward shift 16			-194.31	fail
base-60 digits mod 29	constant	sub	forward shift 17			-356.80	fail
base-60 digits mod 29	constant	sub	forward shift 18			-480.61	fail
base-60 digits mod 29	constant	sub	forward shift 19			-370.58	fail
base-60 digits mod 29	constant	sub	forward shift 20			-299.83	fail
base-60 digits mod 29	constant	sub	forward shift 21			-187.68	fail
base-60 digits mod 29	constant	sub	forward shift 22			-63.34	fail
base-60 digits mod 29	constant	sub	forward shift 23			-105.24	fail
base-60 digits mod 29	constant	sub	forward shift 24			-153.65	fail
base-60 digits mod 29	constant	sub	forward shift 25			-139.90	fail
base-60 digits mod 29	constant	sub	forward shift 26			-82.44	fail
base-60 digits mod 29	constant	sub	forward shift 27			-13.88	fail
base-60 digits mod 29	constant	sub	forward shift 28			-14.56	fail
base-60 digits mod 29	phi(prime)	sub	forward			-77.30	fail
base-60 digits mod 29	DIVINITY	sub	forward			-122.87	fail
base-60 digits mod 29	FIRFUMFERENFE	sub	forward			-159.89	fail
base-60 digits mod 29	constant	add	forward shift 0			-66.51	fail
base-60 digits mod 29	constant	add	forward shift 1			-14.56	fail
base-60 digits mod 29	constant	add	forward shift 2			-13.88	fail
base-60 digits mod 29	constant	add	forward shift 3			-82.44	fail
base-60 digits mod 29	constant	add	forward shift 4			-139.90	fail
base-60 digits mod 29	constant	add	forward shift 5			-153.65	fail
base-60 digits mod 29	constant	add	forward shift 6			-105.24	fail
base-60 digits mod 29	constant	add	forward shift 7			-63.34	fail
base-60 digits mod 29	constant	add	forward shift 8			-187.68	fail
base-60 digits mod 29	constant	add	forward shift 9			-299.83	fail
base-60 digits mod 29	constant	add	forward shift 10			-370.58	fail
base-60 digits mod 29	constant	add	forward shift 11			-480.61	fail
base-60 digits mod 29	constant	add	forward shift 12			-356.80	fail
base-60 digits mod 29	constant	add	forward shift 13			-194.31	fail
base-60 digits mod 29	constant	add	forward shift 14			-163.33	fail
base-60 digits mod 29	constant	add	forward shift 15			-17.02	fail
base-60 digits mod 29	constant	add	forward shift 16			-60.98	fail
base-60 digits mod 29	constant	add	forward shift 17			-114.25	fail
base-60 digits mod 29	constant	add	forward shift 18			-141.43	fail
base-60 digits mod 29	constant	add	forward shift 19			-304.62	fail
base-60 digits mod 29	constant	add	forward shift 20			-271.07	fail
base-60 digits mod 29	constant	add	forward shift 21			-283.81	fail
base-60 digits mod 29	constant	add	forward shift 22			-323.21	fail
base-60 digits mod 29	constant	add	forward shift 23			-211.43	fail
base-60 digits mod 29	constant	add	forward shift 24			-296.34	fail
base-60 digits mod 29	constant	add	forward shift 25			-410.96	fail
base-60 digits mod 29	constant	add	forward shift 26			-306.75	fail
base-60 digits mod 29	constant	add	forward shift 27			-292.97	fail
base-60 digits mod 29	constant	add	forward shift 28			-201.32	fail
base-60 digits mod 29	phi(prime)	add	forward			-58.37	fail
base-60 digits mod 29	DIVINITY	add	forward			-70.19	fail
base-60 digits mod 29	FIRFUMFERENFE	add	forward			-26.13	fail
base-60 digits mod 29	constant	beaufort	forward shift 0			-333.64	fail
base-60 digits mod 29	constant	beaufort	forward shift 1			-286.51	fail
base-60 digits mod 29	constant	beaufort	forward shift 2			-200.14	fail
base-60 digits mod 29	constant	beaufort	forward shift 3			-73.64	fail
base-60 digits mod 29	constant	beaufort	forward shift 4			4.34	fail
base-60 digits mod 29	constant	beaufort	forward shift 5			-23.65	fail
base-60 digits mod 29	constant	beaufort	forward shift 6			-98.62	fail
base-60 digits mod 29	constant	beaufort	forward shift 7			-116.19	fail
base-60 digits mod 29	constant	beaufort	forward shift 8			-144.74	fail
base-60 digits mod 29	constant	beaufort	forward shift 9			-142.34	fail
base-60 digits mod 29	constant	beaufort	forward shift 10			-49.44	fail
base-60 digits mod 29	constant	beaufort	forward shift 11			-158.55	fail
base-60 digits mod 29	constant	beaufort	forward shift 12			-290.76	fail
base-60 digits mod 29	constant	beaufort	forward shift 13			-358.51	fail
base-60 digits mod 29	constant	beaufort	forward shift 14			-503.58	fail
base-60 digits mod 29	constant	beaufort	forward shift 15			-372.27	fail
base-60 digits mod 29	constant	beaufort	forward shift 16			-218.88	fail
base-60 digits mod 29	constant	beaufort	forward shift 17			-200.06	fail
base-60 digits mod 29	constant	beaufort	forward shift 18			-49.16	fail
base-60 digits mod 29	constant	beaufort	forward shift 19			-51.62	fail
base-60 digits mod 29	constant	beaufort	forward shift 20			-93.54	fail
base-60 digits mod 29	constant	beaufort	forward shift 21			-129.38	fail
base-60 digits mod 29	constant	beaufort	forward shift 22			-292.87	fail
base-60 digits mod 29	constant	beaufort	forward shift 23			-277.41	fail
base-60 digits mod 29	constant	beaufort	forward shift 24			-256.63	fail
base-60 digits mod 29	constant	beaufort	forward shift 25			-334.71	fail
base-60 digits mod 29	constant	beaufort	forward shift 26			-222.35	fail
base-60 digits mod 29	constant	beaufort	forward shift 27			-281.59	fail
base-60 digits mod 29	constant	beaufort	forward shift 28			-374.39	fail
base-60 digits mod 29	phi(prime)	beaufort	forward			-71.35	fail
base-60 digits mod 29	DIVINITY	beaufort	forward			-52.67	fail
base-60 digits mod 29	FIRFUMFERENFE	beaufort	forward			-42.79	fail
base-60 digits mod 29	constant	sub	reversed shift 0			-66.47	fail
base-60 digits mod 29	constant	sub	reversed shift 1			-201.67	fail
base-60 digits mod 29	constant	sub	reversed shift 2			-293.93	fail
base-60 digits mod 29	constant	sub	reversed shift 3			-306.76	fail
base-60 digits mod 29	constant	sub	reversed shift 4			-412.75	fail
base-60 digits mod 29	constant	sub	reversed shift 5			-292.87	fail
base-60 digits mod 29	constant	sub	reversed shift 6			-207.31	fail
base-60 digits mod 29	constant	sub	reversed shift 7			-325.12	fail
base-60 digits mod 29	constant	sub	reversed shift 8			-287.99	fail
base-60 digits mod 29	constant	sub	reversed shift 9			-274.66	fail
base-60 digits mod 29	constant	sub	reversed shift 10			-298.69	fail
base-60 digits mod 29	constant	sub	reversed shift 11			-138.00	fail
base-60 digits mod 29	constant	sub	reversed shift 12			-112.87	fail
base-60 digits mod 29	constant	sub	reversed shift 13			-62.87	fail
base-60 digits mod 29	constant	sub	reversed shift 14			-17.54	fail
base-60 digits mod 29	constant	sub	reversed shift 15			-166.10	fail
base-60 digits mod 29	constant	sub	reversed shift 16			-196.88	fail
base-60 digits mod 29	constant	sub	reversed shift 17			-359.49	fail
base-60 digits mod 29	constant	sub	reversed shift 18			-477.56	fail
base-60 digits mod 29	constant	sub	reversed shift 19			-371.36	fail
base-60 digits mod 29	constant	sub	reversed shift 20			-290.86	fail
base-60 digits mod 29	constant	sub	reversed shift 21			-184.28	fail
base-60 digits mod 29	constant	sub	reversed shift 22			-64.49	fail
base-60 digits mod 29	constant	sub	reversed shift 23			-104.66	fail
base-60 digits mod 29	constant	sub	reversed shift 24			-156.89	fail
base-60 digits mod 29	constant	sub	reversed shift 25			-138.96	fail
base-60 digits mod 29	constant	sub	reversed shift 26			-79.29	fail
base-60 digits mod 29	constant	sub	reversed shift 27			-15.11	fail
base-60 digits mod 29	constant	sub	reversed shift 28			-15.19	fail
base-60 digits mod 29	phi(prime)	sub	reversed			-68.41	fail
base-60 digits mod 29	DIVINITY	sub	reversed			-124.97	fail
base-60 digits mod 29	FIRFUMFERENFE	sub	reversed			-165.02	fail
base-60 digits mod 29	constant	add	reversed shift 0			-66.47	fail
base-60 digits mod 29	constant	add	reversed shift 1			-15.19	fail
base-60 digits mod 29	constant	add	reversed shift 2			-15.11	fail
base-60 digits mod 29	constant	add	reversed shift 3			-79.29	fail
base-60 digits mod 29	constant	add	reversed shift 4			-138.96	fail
base-60 digits mod 29	constant	add	reversed shift 5			-156.89	fail
base-60 digits mod 29	constant	add	reversed shift 6			-104.66	fail
base-60 digits mod 29	constant	add	reversed shift 7			-64.49	fail
base-60 digits mod 29	constant	add	reversed shift 8			-184.28	fail
base-60 digits mod 29	constant	add	reversed shift 9			-290.86	fail
base-60 digits mod 29	constant	add	reversed shift 10			-371.36	fail
base-60 digits mod 29	constant	add	reversed shift 11			-477.56	fail
base-60 digits mod 29	constant	add	reversed shift 12			-359.49	fail
base-60 digits mod 29	constant	add	reversed shift 13			-196.88	fail
base-60 digits mod 29	constant	add	reversed shift 14			-166.10	fail
base-60 digits mod 29	constant	add	reversed shift 15			-17.54	fail
base-60 digits mod 29	constant	add	reversed shift 16			-62.87	fail
base-60 digits mod 29	constant	add	reversed shift 17			-112.87	fail
base-60 digits mod 29	constant	add	reversed shift 18			-138.00	fail
base-60 digits mod 29	constant	add	reversed shift 19			-298.69	fail
base-60 digits mod 29	constant	add	reversed shift 20			-274.66	fail
base-60 digits mod 29	constant	add	reversed shift 21			-287.99	fail
base-60 digits mod 29	constant	add	reversed shift 22			-325.12	fail
base-60 digits mod 29	constant	add	reversed shift 23			-207.31	fail
base-60 digits mod 29	constant	add	reversed shift 24			-292.87	fail
base-60 digits mod 29	constant	add	reversed shift 25			-412.75	fail
base-60 digits mod 29	constant	add	reversed shift 26			-306.76	fail
base-60 digits mod 29	constant	add	reversed shift 27			-293.93	fail
base-60 digits mod 29	constant	add	reversed shift 28			-201.67	fail
base-60 digits mod 29	phi(prime)	add	reversed			-69.09	fail
base-60 digits mod 29	DIVINITY	add	reversed			-69.02	fail
base-60 digits mod 29	FIRFUMFERENFE	add	reversed			-30.10	fail
base-60 digits mod 29	constant	beaufort	reversed shift 0			-333.14	fail
base-60 digits mod 29	constant	beaufort	reversed shift 1			-280.56	fail
base-60 digits mod 29	constant	beaufort	reversed shift 2			-198.27	fail
base-60 digits mod 29	constant	beaufort	reversed shift 3			-76.09	fail
base-60 digits mod 29	constant	beaufort	reversed shift 4			4.63	fail
base-60 digits mod 29	constant	beaufort	reversed shift 5			-25.49	fail
base-60 digits mod 29	constant	beaufort	reversed shift 6			-98.62	fail
base-60 digits mod 29	constant	beaufort	reversed shift 7			-116.54	fail
base-60 digits mod 29	constant	beaufort	reversed shift 8			-145.29	fail
base-60 digits mod 29	constant	beaufort	reversed shift 9			-141.99	fail
base-60 digits mod 29	constant	beaufort	reversed shift 10			-49.03	fail
base-60 digits mod 29	constant	beaufort	reversed shift 11			-159.03	fail
base-60 digits mod 29	constant	beaufort	reversed shift 12			-294.48	fail
base-60 digits mod 29	constant	beaufort	reversed shift 13			-361.90	fail
base-60 digits mod 29	constant	beaufort	reversed shift 14			-503.63	fail
base-60 digits mod 29	constant	beaufort	reversed shift 15			-362.64	fail
base-60 digits mod 29	constant	beaufort	reversed shift 16			-215.51	fail
base-60 digits mod 29	constant	beaufort	reversed shift 17			-199.68	fail
base-60 digits mod 29	constant	beaufort	reversed shift 18			-50.15	fail
base-60 digits mod 29	constant	beaufort	reversed shift 19			-51.70	fail
base-60 digits mod 29	constant	beaufort	reversed shift 20			-93.15	fail
base-60 digits mod 29	constant	beaufort	reversed shift 21			-131.66	fail
base-60 digits mod 29	constant	beaufort	reversed shift 22			-295.12	fail
base-60 digits mod 29	constant	beaufort	reversed shift 23			-279.93	fail
base-60 digits mod 29	constant	beaufort	reversed shift 24			-253.24	fail
base-60 digits mod 29	constant	beaufort	reversed shift 25			-333.09	fail
base-60 digits mod 29	constant	beaufort	reversed shift 26			-225.61	fail
base-60 digits mod 29	constant	beaufort	reversed shift 27			-281.65	fail
base-60 digits mod 29	constant	beaufort	reversed shift 28			-368.26	fail
base-60 digits mod 29	phi(prime)	beaufort	reversed			-57.31	fail
base-60 digits mod 29	DIVINITY	beaufort	reversed			-40.44	fail
base-60 digits mod 29	FIRFUMFERENFE	beaufort	reversed			-42.19	fail
