cell	source	draws	mean	sd	min	max	log_lower_5sd
Zw-sec	E	200	7860.63	1287.93	4772	12707	3432.75
Zw-sec	L	200	8729.88	716.69	5502	9848	5515.29
Zw-all	E	200	49654.72	8660.64	29404	78602	20521.97
Zw-all	L	200	61084.07	3316.34	42716	66059	45222.87
Zb-2-sec-0	E	200	18637.49	720.08	17044	20879	15374.80
Zb-2-sec-0	L	200	18977.94	397.81	17822	20530	17089.83
Zb-2-sec-1	E	200	18550.65	741.69	16859	21227	15215.88
Zb-2-sec-1	L	200	18940.03	435.94	17626	20225	16881.75
Zb-2-cont-0	E	200	121340.01	4613.34	108589	133254	100313.14
Zb-2-cont-0	L	200	128880.87	3494.10	116957	136202	112355.07
Zb-2-cont-1	E	200	121225.80	5463.90	109155	137553	96833.67
Zb-2-cont-1	L	200	128583.74	3517.42	119496	135569	112005.74
Zb-3-sec-0	E	200	1362.11	279.18	1035	2653	540.57
Zb-3-sec-0	L	200	1651.64	88.53	1477	1898	1264.81
Zb-3-sec-1	E	200	1359.28	268.02	1062	2345	554.87
Zb-3-sec-1	L	200	1643.85	82.24	1427	1908	1280.17
Zb-3-sec-2	E	200	1351.54	240.03	1044	2310	590.04
Zb-3-sec-2	L	200	1634.55	89.86	1362	1850	1237.32
Zb-3-cont-0	E	200	8074.62	1446.71	6077	15195	3589.00
Zb-3-cont-0	L	200	11610.82	666.23	9565	13167	8650.51
Zb-3-cont-1	E	200	8289.67	1670.48	5930	16035	3305.27
Zb-3-cont-1	L	200	11685.90	663.50	9265	13317	8720.19
Zb-3-cont-2	E	200	8335.99	1665.19	5985	15773	3398.51
Zb-3-cont-2	L	200	11624.02	683.36	9403	12893	8585.95
Zb-4-sec-0	E	200	230.28	128.05	127	714	25.29
Zb-4-sec-0	L	200	295.06	25.70	230	372	190.21
Zb-4-sec-1	E	200	244.82	139.49	116	771	21.87
Zb-4-sec-1	L	200	292.75	24.34	235	363	192.24
Zb-4-sec-2	E	200	251.41	141.84	122	742	21.94
Zb-4-sec-2	L	200	290.93	22.67	243	362	196.90
Zb-4-sec-3	E	200	254.99	156.99	134	961	19.06
Zb-4-sec-3	L	200	293.57	26.14	233	380	187.54
Zb-4-cont-0	E	200	1260.34	694.44	688	3966	130.69
Zb-4-cont-0	L	200	2217.80	138.24	1781	2555	1617.69
Zb-4-cont-1	E	200	1309.94	778.22	696	4255	111.19
Zb-4-cont-1	L	200	2219.75	152.90	1845	2697	1564.76
Zb-4-cont-2	E	200	1343.41	833.46	722	4245	103.46
Zb-4-cont-2	L	200	2213.06	143.52	1793	2620	1597.51
Zb-4-cont-3	E	200	1309.51	763.39	723	3912	115.35
Zb-4-cont-3	L	200	2197.86	139.82	1876	2588	1594.77
Zb-5-sec-0	E	200	86.28	83.71	16	404	0.40
Zb-5-sec-0	L	200	81.28	11.55	52	120	39.77
Zb-5-sec-1	E	200	83.98	82.71	18	391	0.44
Zb-5-sec-1	L	200	81.27	12.44	57	121	37.34
Zb-5-sec-2	E	200	72.86	69.47	19	371	1.01
Zb-5-sec-2	L	200	80.91	11.25	53	113	39.42
Zb-5-sec-3	E	200	82.04	77.46	18	380	0.66
Zb-5-sec-3	L	200	80.89	10.87	53	111	40.48
Zb-5-sec-4	E	200	80.89	80.28	22	401	0.57
Zb-5-sec-4	L	200	80.86	11.85	55	116	38.68
Zb-5-cont-0	E	200	382.39	427.30	115	2152	5.33
Zb-5-cont-0	L	200	646.15	58.80	481	834	407.87
Zb-5-cont-1	E	200	379.06	437.43	120	2302	4.63
Zb-5-cont-1	L	200	645.24	54.68	511	816	418.36
Zb-5-cont-2	E	200	374.12	383.70	109	2089	5.82
Zb-5-cont-2	L	200	644.24	57.57	496	822	409.45
Zb-5-cont-3	E	200	358.04	356.52	116	1768	6.23
Zb-5-cont-3	L	200	640.47	50.72	507	822	430.70
Zb-5-cont-4	E	200	362.33	406.90	120	2291	5.10
Zb-5-cont-4	L	200	636.25	57.77	501	793	403.37
Zb-6-sec-0	E	200	38.16	50.03	4	258	-0.80
Zb-6-sec-0	L	200	28.98	6.41	14	50	8.87
Zb-6-sec-1	E	200	34.16	41.46	3	248	-0.70
Zb-6-sec-1	L	200	29.53	6.49	16	51	9.39
Zb-6-sec-2	E	200	33.34	40.88	4	199	-0.65
Zb-6-sec-2	L	200	29.07	6.63	14	52	8.63
Zb-6-sec-3	E	200	32.13	41.39	5	300	-0.73
Zb-6-sec-3	L	200	29.33	6.91	16	52	8.44
Zb-6-sec-4	E	200	34.58	44.31	5	219	-0.76
Zb-6-sec-4	L	200	29.28	6.82	11	54	8.42
Zb-6-sec-5	E	200	40.45	48.37	4	235	-0.79
Zb-6-sec-5	L	200	29.38	7.23	14	55	7.74
Zb-6-cont-0	E	200	223.59	272.25	22	1298	-0.59
Zb-6-cont-0	L	200	242.87	33.23	178	365	122.99
Zb-6-cont-1	E	200	195.50	266.66	27	1187	-0.61
Zb-6-cont-1	L	200	240.34	33.41	165	390	119.20
Zb-6-cont-2	E	200	172.98	245.83	28	1513	-0.47
Zb-6-cont-2	L	200	238.31	30.41	177	333	125.52
Zb-6-cont-3	E	200	168.41	228.54	22	1202	-0.42
Zb-6-cont-3	L	200	244.19	33.47	171	347	121.90
Zb-6-cont-4	E	200	181.41	257.48	27	1169	-0.59
Zb-6-cont-4	L	200	238.64	31.75	146	328	120.59
Zb-6-cont-5	E	200	149.71	215.19	24	1398	-0.34
Zb-6-cont-5	L	200	236.17	30.29	157	343	123.74
Zb-7-sec-0	E	200	17.75	24.12	0	134	-0.93
Zb-7-sec-0	L	200	10.12	3.61	2	21	0.89
Zb-7-sec-1	E	200	18.71	26.66	0	138	-0.93
Zb-7-sec-1	L	200	9.96	3.45	2	20	0.86
Zb-7-sec-2	E	200	15.80	22.10	0	131	-0.94
Zb-7-sec-2	L	200	10.40	3.47	3	23	1.38
Zb-7-sec-3	E	200	15.09	22.68	0	145	-0.92
Zb-7-sec-3	L	200	10.22	3.27	3	22	1.44
Zb-7-sec-4	E	200	17.92	25.13	0	141	-0.93
Zb-7-sec-4	L	200	10.20	3.94	1	25	0.49
Zb-7-sec-5	E	200	17.80	24.74	0	155	-0.93
Zb-7-sec-5	L	200	9.81	3.42	1	20	0.76
Zb-7-sec-6	E	200	17.43	25.22	0	126	-0.95
Zb-7-sec-6	L	200	9.64	3.26	3	19	1.02
Zb-7-cont-0	E	200	77.88	126.54	7	890	-0.90
Zb-7-cont-0	L	200	84.62	14.54	55	137	35.08
Zb-7-cont-1	E	200	79.48	125.27	5	564	-0.92
Zb-7-cont-1	L	200	85.67	16.30	51	140	32.62
Zb-7-cont-2	E	200	80.61	135.79	6	878	-0.91
Zb-7-cont-2	L	200	86.12	14.55	53	134	36.22
Zb-7-cont-3	E	200	74.97	125.55	4	771	-0.91
Zb-7-cont-3	L	200	84.08	14.46	45	129	34.52
Zb-7-cont-4	E	200	86.77	128.54	4	565	-0.93
Zb-7-cont-4	L	200	84.90	14.62	55	129	35.38
Zb-7-cont-5	E	200	73.62	116.87	5	577	-0.90
Zb-7-cont-5	L	200	87.09	15.63	49	129	34.34
Zb-7-cont-6	E	200	89.44	128.32	5	805	-0.93
Zb-7-cont-6	L	200	84.97	13.94	55	128	36.93
Zb-8-sec-0	E	200	10.19	17.46	0	98	-0.98
Zb-8-sec-0	L	200	3.84	2.04	0	10	-0.57
Zb-8-sec-1	E	200	7.55	12.04	0	83	-0.97
Zb-8-sec-1	L	200	3.62	2.23	0	11	-0.68
Zb-8-sec-2	E	200	8.82	17.12	0	102	-0.98
Zb-8-sec-2	L	200	3.81	2.21	0	11	-0.60
Zb-8-sec-3	E	200	10.64	19.17	0	109	-0.98
Zb-8-sec-3	L	200	4.00	2.07	0	11	-0.50
Zb-8-sec-4	E	200	7.99	14.10	0	97	-0.97
Zb-8-sec-4	L	200	4.20	2.15	1	15	-0.37
Zb-8-sec-5	E	200	7.84	15.34	0	116	-0.98
Zb-8-sec-5	L	200	3.79	1.99	0	11	-0.57
Zb-8-sec-6	E	200	10.99	20.14	0	103	-0.97
Zb-8-sec-6	L	200	3.88	2.39	0	14	-0.71
Zb-8-sec-7	E	200	9.61	16.46	0	93	-0.98
Zb-8-sec-7	L	200	3.77	1.88	0	9	-0.54
Zb-8-cont-0	E	200	39.49	79.88	1	657	-0.98
Zb-8-cont-0	L	200	32.34	8.21	13	60	8.38
Zb-8-cont-1	E	200	28.43	53.77	2	417	-0.96
Zb-8-cont-1	L	200	34.48	8.90	18	66	8.62
Zb-8-cont-2	E	200	31.82	55.73	1	266	-0.98
Zb-8-cont-2	L	200	34.36	9.55	11	71	7.60
Zb-8-cont-3	E	200	42.15	83.03	0	588	-0.98
Zb-8-cont-3	L	200	33.09	9.38	14	83	7.48
Zb-8-cont-4	E	200	35.45	65.56	1	520	-0.97
Zb-8-cont-4	L	200	33.95	8.93	16	67	8.26
Zb-8-cont-5	E	200	40.95	82.46	1	523	-0.98
Zb-8-cont-5	L	200	33.58	8.66	15	59	8.26
Zb-8-cont-6	E	200	32.60	66.37	0	509	-0.97
Zb-8-cont-6	L	200	34.97	9.04	15	66	8.53
Zb-8-cont-7	E	200	25.39	43.57	0	265	-0.96
Zb-8-cont-7	L	200	33.29	8.69	10	59	7.72
