source	length	reading	op	trials	min_D	phase_at_min	null_p_le_min	expected_trials_le_min	printable_at_min	mean_D	verdict
page_17.bin	58152	R	g^k	58152	142	37923	4.716e-05	2.74	0.301	162.04	EXCLUDED
page_17.bin	58152	R	g-k	58152	140	28984	8.344e-06	0.485	0.422	161.97	EXCLUDED
page_17.bin	58152	R	g+k	58152	140	48394	8.344e-06	0.485	0.457	162.01	EXCLUDED
page_17.bin	58152	R	k-g	58152	140	28984	8.344e-06	0.485	0.309	161.97	EXCLUDED
page_17.bin	58152	R-rev	g^k	58152	141	14723	2.022e-05	1.18	0.371	162.02	EXCLUDED
page_17.bin	58152	R-rev	g-k	58152	141	20909	2.022e-05	1.18	0.344	162.01	EXCLUDED
page_17.bin	58152	R-rev	g+k	58152	142	844	4.716e-05	2.74	0.367	161.98	EXCLUDED
page_17.bin	58152	R-rev	k-g	58152	141	20909	2.022e-05	1.18	0.430	162.01	EXCLUDED
page_17.bin	58152	C	g^k	58152	141	56616	2.022e-05	1.18	0.367	162.01	EXCLUDED
page_17.bin	58152	C	g-k	58152	140	56037	8.344e-06	0.485	0.383	162.02	EXCLUDED
page_17.bin	58152	C	g+k	58152	140	15683	8.344e-06	0.485	0.352	162.01	EXCLUDED
page_17.bin	58152	C	k-g	58152	140	56037	8.344e-06	0.485	0.367	162.02	EXCLUDED
page_17.bin	58152	C-rev	g^k	58152	141	20536	2.022e-05	1.18	0.336	162.01	EXCLUDED
page_17.bin	58152	C-rev	g-k	58152	141	9940	2.022e-05	1.18	0.398	162.01	EXCLUDED
page_17.bin	58152	C-rev	g+k	58152	142	11520	4.716e-05	2.74	0.328	162.02	EXCLUDED
page_17.bin	58152	C-rev	k-g	58152	141	9940	2.022e-05	1.18	0.371	162.01	EXCLUDED
page_21.bin	58152	R	g^k	58152	140	33898	8.344e-06	0.485	0.465	161.98	EXCLUDED
page_21.bin	58152	R	g-k	58152	142	55966	4.716e-05	2.74	0.445	162.01	EXCLUDED
page_21.bin	58152	R	g+k	58152	141	29220	2.022e-05	1.18	0.332	162.04	EXCLUDED
page_21.bin	58152	R	k-g	58152	142	55966	4.716e-05	2.74	0.371	162.01	EXCLUDED
page_21.bin	58152	R-rev	g^k	58152	142	15308	4.716e-05	2.74	0.359	161.99	EXCLUDED
page_21.bin	58152	R-rev	g-k	58152	140	18767	8.344e-06	0.485	0.363	162.02	EXCLUDED
page_21.bin	58152	R-rev	g+k	58152	141	51536	2.022e-05	1.18	0.375	162.01	EXCLUDED
page_21.bin	58152	R-rev	k-g	58152	140	18767	8.344e-06	0.485	0.395	162.02	EXCLUDED
page_21.bin	58152	C	g^k	58152	140	44047	8.344e-06	0.485	0.363	162.02	EXCLUDED
page_21.bin	58152	C	g-k	58152	140	45250	8.344e-06	0.485	0.375	162.04	EXCLUDED
page_21.bin	58152	C	g+k	58152	141	51599	2.022e-05	1.18	0.398	161.98	EXCLUDED
page_21.bin	58152	C	k-g	58152	140	45250	8.344e-06	0.485	0.371	162.04	EXCLUDED
page_21.bin	58152	C-rev	g^k	58152	142	10568	4.716e-05	2.74	0.383	162.04	EXCLUDED
page_21.bin	58152	C-rev	g-k	58152	140	45046	8.344e-06	0.485	0.418	161.99	EXCLUDED
page_21.bin	58152	C-rev	g+k	58152	140	16393	8.344e-06	0.485	0.383	162.03	EXCLUDED
page_21.bin	58152	C-rev	k-g	58152	140	45046	8.344e-06	0.485	0.348	161.99	EXCLUDED
page_43.bin	58152	R	g^k	58152	139	43059	3.311e-06	0.193	0.445	162.02	EXCLUDED
page_43.bin	58152	R	g-k	58152	139	10759	3.311e-06	0.193	0.438	162.00	EXCLUDED
page_43.bin	58152	R	g+k	58152	141	15251	2.022e-05	1.18	0.352	162.02	EXCLUDED
page_43.bin	58152	R	k-g	58152	139	10759	3.311e-06	0.193	0.348	162.00	EXCLUDED
page_43.bin	58152	R-rev	g^k	58152	142	4102	4.716e-05	2.74	0.391	162.00	EXCLUDED
page_43.bin	58152	R-rev	g-k	58152	142	39982	4.716e-05	2.74	0.410	162.02	EXCLUDED
page_43.bin	58152	R-rev	g+k	58152	140	27915	8.344e-06	0.485	0.352	162.01	EXCLUDED
page_43.bin	58152	R-rev	k-g	58152	142	39982	4.716e-05	2.74	0.395	162.02	EXCLUDED
page_43.bin	58152	C	g^k	58152	141	56616	2.022e-05	1.18	0.367	161.99	EXCLUDED
page_43.bin	58152	C	g-k	58152	142	16709	4.716e-05	2.74	0.352	162.02	EXCLUDED
page_43.bin	58152	C	g+k	58152	140	30412	8.344e-06	0.485	0.387	162.01	EXCLUDED
page_43.bin	58152	C	k-g	58152	142	16709	4.716e-05	2.74	0.340	162.02	EXCLUDED
page_43.bin	58152	C-rev	g^k	58152	141	15001	2.022e-05	1.18	0.418	161.99	EXCLUDED
page_43.bin	58152	C-rev	g-k	58152	140	7189	8.344e-06	0.485	0.363	162.00	EXCLUDED
page_43.bin	58152	C-rev	g+k	58152	141	22178	2.022e-05	1.18	0.352	162.01	EXCLUDED
page_43.bin	58152	C-rev	k-g	58152	140	7189	8.344e-06	0.485	0.383	162.00	EXCLUDED
hint	3368	R	g^k	3368	146	274	9.528e-04	3.21	0.367	162.02	EXCLUDED
hint	3368	R	g-k	3368	145	371	4.757e-04	1.6	0.410	161.91	EXCLUDED
hint	3368	R	g+k	3368	146	2328	9.528e-04	3.21	0.375	162.01	EXCLUDED
hint	3368	R	k-g	3368	145	371	4.757e-04	1.6	0.379	161.91	EXCLUDED
hint	3368	R-rev	g^k	3368	143	103	1.059e-04	0.357	0.406	162.02	EXCLUDED
hint	3368	R-rev	g-k	3368	143	589	1.059e-04	0.357	0.371	162.02	EXCLUDED
hint	3368	R-rev	g+k	3368	145	664	4.757e-04	1.6	0.363	161.86	EXCLUDED
hint	3368	R-rev	k-g	3368	143	589	1.059e-04	0.357	0.375	162.02	EXCLUDED
hint	3368	C	g^k	3368	144	2355	2.287e-04	0.77	0.336	161.99	EXCLUDED
hint	3368	C	g-k	3368	146	2660	9.528e-04	3.21	0.367	162.08	EXCLUDED
hint	3368	C	g+k	3368	144	281	2.287e-04	0.77	0.422	161.93	EXCLUDED
hint	3368	C	k-g	3368	146	2660	9.528e-04	3.21	0.398	162.08	EXCLUDED
hint	3368	C-rev	g^k	3368	145	409	4.757e-04	1.6	0.449	162.01	EXCLUDED
hint	3368	C-rev	g-k	3368	146	10	9.528e-04	3.21	0.324	161.95	EXCLUDED
hint	3368	C-rev	g+k	3368	143	1328	1.059e-04	0.357	0.422	162.07	EXCLUDED
hint	3368	C-rev	k-g	3368	146	10	9.528e-04	3.21	0.418	161.95	EXCLUDED
page_00-hex	991	R	g^k	991	147	553	1.839e-03	1.82	0.383	161.88	EXCLUDED
page_00-hex	991	R	g-k	991	147	550	1.839e-03	1.82	0.383	161.77	EXCLUDED
page_00-hex	991	R	g+k	991	145	364	4.757e-04	0.471	0.367	162.09	EXCLUDED
page_00-hex	991	R	k-g	991	147	550	1.839e-03	1.82	0.387	161.77	EXCLUDED
page_00-hex	991	R-rev	g^k	991	147	117	1.839e-03	1.82	0.391	162.04	EXCLUDED
page_00-hex	991	R-rev	g-k	991	146	473	9.528e-04	0.944	0.418	162.06	EXCLUDED
page_00-hex	991	R-rev	g+k	991	141	191	2.022e-05	0.02	0.391	161.80	EXCLUDED
page_00-hex	991	R-rev	k-g	991	146	473	9.528e-04	0.944	0.395	162.06	EXCLUDED
page_00-hex	991	C	g^k	991	148	292	3.419e-03	3.39	0.395	161.82	EXCLUDED
page_00-hex	991	C	g-k	991	147	288	1.839e-03	1.82	0.395	161.96	EXCLUDED
page_00-hex	991	C	g+k	991	145	144	4.757e-04	0.471	0.434	161.84	EXCLUDED
page_00-hex	991	C	k-g	991	147	288	1.839e-03	1.82	0.402	161.96	EXCLUDED
page_00-hex	991	C-rev	g^k	991	150	227	1.059e-02	10.5	0.359	161.76	EXCLUDED
page_00-hex	991	C-rev	g-k	991	145	366	4.757e-04	0.471	0.344	161.92	EXCLUDED
page_00-hex	991	C-rev	g+k	991	145	415	4.757e-04	0.471	0.426	162.07	EXCLUDED
page_00-hex	991	C-rev	k-g	991	145	366	4.757e-04	0.471	0.359	161.92	EXCLUDED
onion-2-hex	256	R	g^k	256	150	168	1.059e-02	2.71	0.395	162.14	EXCLUDED
onion-2-hex	256	R	g-k	256	146	142	9.528e-04	0.244	0.406	161.67	EXCLUDED
onion-2-hex	256	R	g+k	256	148	223	3.419e-03	0.875	0.375	162.59	EXCLUDED
onion-2-hex	256	R	k-g	256	146	142	9.528e-04	0.244	0.379	161.67	EXCLUDED
onion-2-hex	256	R-rev	g^k	256	150	58	1.059e-02	2.71	0.340	162.29	EXCLUDED
onion-2-hex	256	R-rev	g-k	256	146	25	9.528e-04	0.244	0.352	162.25	EXCLUDED
onion-2-hex	256	R-rev	g+k	256	146	68	9.528e-04	0.244	0.395	161.71	EXCLUDED
onion-2-hex	256	R-rev	k-g	256	146	25	9.528e-04	0.244	0.449	162.25	EXCLUDED
onion-2-hex	256	C	g^k	256	148	178	3.419e-03	0.875	0.336	162.14	EXCLUDED
onion-2-hex	256	C	g-k	256	149	161	6.127e-03	1.57	0.422	161.64	EXCLUDED
onion-2-hex	256	C	g+k	256	150	242	1.059e-02	2.71	0.395	161.62	EXCLUDED
onion-2-hex	256	C	k-g	256	149	161	6.127e-03	1.57	0.355	161.64	EXCLUDED
onion-2-hex	256	C-rev	g^k	256	146	200	9.528e-04	0.244	0.387	162.23	EXCLUDED
onion-2-hex	256	C-rev	g-k	256	147	0	1.839e-03	0.471	0.371	161.45	EXCLUDED
onion-2-hex	256	C-rev	g+k	256	150	98	1.059e-02	2.71	0.410	161.68	EXCLUDED
onion-2-hex	256	C-rev	k-g	256	147	0	1.839e-03	0.471	0.422	161.45	EXCLUDED
