cell	K_LP2	null_mean	null_sd	null_max	analytic_mean	validity	E_lower	L_lower	z_null	verdict
Zw-sec	25	19.978	4.360	35	19.926	ok	3432.75	5515.29	1.15	EXCLUDED
Zw-all	123	132.465	11.806	176	132.942	ok	20521.97	45222.87	-0.80	EXCLUDED
Zb-2-sec-0	3782	3837.079	63.339	4058	3837.486	ok	15374.80	17089.83	-0.87	EXCLUDED
Zb-2-sec-1	3878	3834.354	63.594	4022	3833.399	ok	15215.88	16881.75	0.69	EXCLUDED
Zb-2-cont-0	25708	25491.065	160.624	26034	25490.212	ok	100313.14	112355.07	1.35	EXCLUDED
Zb-2-cont-1	25482	25476.459	167.751	26171	25482.342	ok	96833.67	112005.74	0.03	EXCLUDED
Zb-3-sec-0	71	60.092	7.895	86	60.032	ok	540.57	1264.81	1.38	EXCLUDED
Zb-3-sec-1	53	60.176	7.787	83	60.000	ok	554.87	1280.17	-0.92	EXCLUDED
Zb-3-sec-2	59	59.710	7.869	90	59.886	ok	590.04	1237.32	-0.09	EXCLUDED
Zb-3-cont-0	412	399.006	19.275	469	399.034	ok	3589.00	8650.51	0.67	EXCLUDED
Zb-3-cont-1	376	399.142	20.380	468	399.034	ok	3305.27	8720.19	-1.14	EXCLUDED
Zb-3-cont-2	405	399.327	20.106	469	399.034	ok	3398.51	8585.95	0.28	EXCLUDED
Zb-4-sec-0	0	1.210	1.103	7	1.190	ok	25.29	190.21	-1.10	EXCLUDED
Zb-4-sec-1	0	1.202	1.103	7	1.188	ok	21.87	192.24	-1.09	EXCLUDED
Zb-4-sec-2	2	1.193	1.094	6	1.185	ok	21.94	196.90	0.74	EXCLUDED
Zb-4-sec-3	1	1.216	1.108	6	1.185	ok	19.06	187.54	-0.20	EXCLUDED
Zb-4-cont-0	5	7.911	2.809	19	7.911	ok	130.69	1617.69	-1.04	EXCLUDED
Zb-4-cont-1	6	7.922	2.828	20	7.906	ok	111.19	1564.76	-0.68	EXCLUDED
Zb-4-cont-2	10	7.720	2.790	20	7.906	ok	103.46	1597.51	0.82	EXCLUDED
Zb-4-cont-3	11	8.022	2.878	21	7.906	ok	115.35	1594.77	1.03	EXCLUDED
Zb-5-sec-0	0	0.035	0.189	2	0.027	ok	0.40	39.77	-0.04	UNTESTABLE
Zb-5-sec-1	0	0.032	0.176	1	0.027	ok	0.44	37.34	-0.03	UNTESTABLE
Zb-5-sec-2	0	0.026	0.159	1	0.027	ok	1.01	39.42	-0.03	EXCLUDED
Zb-5-sec-3	0	0.036	0.186	1	0.027	ok	0.66	40.48	-0.04	UNTESTABLE
Zb-5-sec-4	0	0.029	0.185	2	0.027	ok	0.57	38.68	-0.03	UNTESTABLE
Zb-5-cont-0	1	0.204	0.452	3	0.178	ok	5.33	407.87	0.80	EXCLUDED
Zb-5-cont-1	1	0.179	0.439	3	0.178	ok	4.63	418.36	0.82	EXCLUDED
Zb-5-cont-2	0	0.178	0.406	2	0.178	ok	5.82	409.45	-0.18	EXCLUDED
Zb-5-cont-3	0	0.167	0.416	3	0.178	ok	6.23	430.70	-0.17	EXCLUDED
Zb-5-cont-4	0	0.167	0.411	3	0.178	ok	5.10	403.37	-0.17	EXCLUDED
Zb-6-sec-0	0	0.001	0.032	1	0.001	ok	-0.80	8.87	-0.00	UNTESTABLE
Zb-6-sec-1	0	0.000	0.000	0	0.001	ok	-0.70	9.39	0.00	UNTESTABLE
Zb-6-sec-2	0	0.005	0.071	1	0.001	ok	-0.65	8.63	-0.01	UNTESTABLE
Zb-6-sec-3	0	0.000	0.000	0	0.001	ok	-0.73	8.44	0.00	UNTESTABLE
Zb-6-sec-4	0	0.001	0.032	1	0.001	ok	-0.76	8.42	-0.00	UNTESTABLE
Zb-6-sec-5	0	0.000	0.000	0	0.001	ok	-0.79	7.74	0.00	UNTESTABLE
Zb-6-cont-0	0	0.008	0.089	1	0.004	ok	-0.59	122.99	-0.01	UNTESTABLE
Zb-6-cont-1	0	0.006	0.077	1	0.004	ok	-0.61	119.20	-0.01	UNTESTABLE
Zb-6-cont-2	0	0.003	0.055	1	0.004	ok	-0.47	125.52	-0.00	UNTESTABLE
Zb-6-cont-3	0	0.006	0.077	1	0.004	ok	-0.42	121.90	-0.01	UNTESTABLE
Zb-6-cont-4	0	0.004	0.063	1	0.004	ok	-0.59	120.59	-0.00	UNTESTABLE
Zb-6-cont-5	0	0.003	0.055	1	0.004	ok	-0.34	123.74	-0.00	UNTESTABLE
Zb-7-sec-0	0	0.000	0.000	0	0.000	ok	-0.93	0.89	0.00	UNTESTABLE
Zb-7-sec-1	0	0.000	0.000	0	0.000	ok	-0.93	0.86	0.00	UNTESTABLE
Zb-7-sec-2	0	0.000	0.000	0	0.000	ok	-0.94	1.38	0.00	UNTESTABLE
Zb-7-sec-3	0	0.000	0.000	0	0.000	ok	-0.92	1.44	0.00	UNTESTABLE
Zb-7-sec-4	0	0.000	0.000	0	0.000	ok	-0.93	0.49	0.00	UNTESTABLE
Zb-7-sec-5	0	0.000	0.000	0	0.000	ok	-0.93	0.76	0.00	UNTESTABLE
Zb-7-sec-6	0	0.000	0.000	0	0.000	ok	-0.95	1.02	0.00	UNTESTABLE
Zb-7-cont-0	0	0.000	0.000	0	0.000	ok	-0.90	35.08	0.00	UNTESTABLE
Zb-7-cont-1	0	0.000	0.000	0	0.000	ok	-0.92	32.62	0.00	UNTESTABLE
Zb-7-cont-2	0	0.000	0.000	0	0.000	ok	-0.91	36.22	0.00	UNTESTABLE
Zb-7-cont-3	0	0.000	0.000	0	0.000	ok	-0.91	34.52	0.00	UNTESTABLE
Zb-7-cont-4	0	0.000	0.000	0	0.000	ok	-0.93	35.38	0.00	UNTESTABLE
Zb-7-cont-5	0	0.000	0.000	0	0.000	ok	-0.90	34.34	0.00	UNTESTABLE
Zb-7-cont-6	0	0.000	0.000	0	0.000	ok	-0.93	36.93	0.00	UNTESTABLE
Zb-8-sec-0	0	0.000	0.000	0	0.000	ok	-0.98	-0.57	0.00	UNTESTABLE
Zb-8-sec-1	0	0.000	0.000	0	0.000	ok	-0.97	-0.68	0.00	UNTESTABLE
Zb-8-sec-2	0	0.000	0.000	0	0.000	ok	-0.98	-0.60	0.00	UNTESTABLE
Zb-8-sec-3	0	0.000	0.000	0	0.000	ok	-0.98	-0.50	0.00	UNTESTABLE
Zb-8-sec-4	0	0.000	0.000	0	0.000	ok	-0.97	-0.37	0.00	UNTESTABLE
Zb-8-sec-5	0	0.000	0.000	0	0.000	ok	-0.98	-0.57	0.00	UNTESTABLE
Zb-8-sec-6	0	0.000	0.000	0	0.000	ok	-0.97	-0.71	0.00	UNTESTABLE
Zb-8-sec-7	0	0.000	0.000	0	0.000	ok	-0.98	-0.54	0.00	UNTESTABLE
Zb-8-cont-0	0	0.000	0.000	0	0.000	ok	-0.98	8.38	0.00	UNTESTABLE
Zb-8-cont-1	0	0.000	0.000	0	0.000	ok	-0.96	8.62	0.00	UNTESTABLE
Zb-8-cont-2	0	0.000	0.000	0	0.000	ok	-0.98	7.60	0.00	UNTESTABLE
Zb-8-cont-3	0	0.000	0.000	0	0.000	ok	-0.98	7.48	0.00	UNTESTABLE
Zb-8-cont-4	0	0.000	0.000	0	0.000	ok	-0.97	8.26	0.00	UNTESTABLE
Zb-8-cont-5	0	0.000	0.000	0	0.000	ok	-0.98	8.26	0.00	UNTESTABLE
Zb-8-cont-6	0	0.000	0.000	0	0.000	ok	-0.97	8.53	0.00	UNTESTABLE
Zb-8-cont-7	0	0.000	0.000	0	0.000	ok	-0.96	7.72	0.00	UNTESTABLE
