key	alignment	segment	runes	phases	best_phase	best_phase_log_lr	log_mean_lr
emerson_essays letters	per-section	7	729	430564	85939	-12.83	-25.79
emerson_essays letters	per-section	8	1145	430564	347616	-35.23	-48.10
emerson_essays letters	per-section	9	1729	430564	61762	-83.10	-95.54
emerson_essays letters	per-section	10	9	430564	516	0.59	-0.00
emerson_essays letters	per-section	11	1894	430564	289899	-93.17	-105.44
emerson_essays letters	per-section	12	1021	430564	220205	-33.92	-46.30
emerson_essays letters	per-section	13	1524	430564	215138	-70.65	-83.31
emerson_essays letters	per-section	14	1589	430564	309469	-74.67	-87.49
emerson_essays letters	per-section	15	3316	430564	341020	-169.78	-182.75
emerson_essays letters	continuous	7-15	12956	430564	395841	-477.69	-490.66
page_17.bin raw	per-section	7	729	58152	12530	7.98	-0.98
page_17.bin raw	per-section	8	1145	58152	19937	5.86	-4.03
page_17.bin raw	per-section	9	1729	58152	18534	-3.98	-14.64
page_17.bin raw	per-section	10	9	58152	838	0.59	-0.00
page_17.bin raw	per-section	11	1894	58152	11610	-9.14	-19.96
page_17.bin raw	per-section	12	1021	58152	18540	11.69	0.84
page_17.bin raw	per-section	13	1524	58152	21581	3.77	-6.97
page_17.bin raw	per-section	14	1589	58152	43262	2.73	-8.23
page_17.bin raw	per-section	15	3316	58152	45601	-63.26	-74.19
page_17.bin raw	continuous	7-15	12956	58152	26829	-883.12	-894.03
page_17.bin mod29	per-section	7	729	58152	13378	-10.55	-20.68
page_17.bin mod29	per-section	8	1145	58152	21004	-35.38	-46.22
page_17.bin mod29	per-section	9	1729	58152	29955	-83.49	-94.42
page_17.bin mod29	per-section	10	9	58152	792	0.59	-0.01
page_17.bin mod29	per-section	11	1894	58152	20761	-102.85	-113.63
page_17.bin mod29	per-section	12	1021	58152	29556	-29.18	-40.05
page_17.bin mod29	per-section	13	1524	58152	4575	-77.04	-87.38
page_17.bin mod29	per-section	14	1589	58152	46665	-67.17	-78.14
page_17.bin mod29	per-section	15	3316	58152	8294	-223.83	-233.79
page_17.bin mod29	continuous	7-15	12956	58152	37822	-651.44	-662.41
page_21.bin raw	per-section	7	729	58152	12483	7.62	-1.29
page_21.bin raw	per-section	8	1145	58152	32513	6.06	-3.89
page_21.bin raw	per-section	9	1729	58152	14595	-3.44	-13.94
page_21.bin raw	per-section	10	9	58152	838	0.59	-0.00
page_21.bin raw	per-section	11	1894	58152	6460	-9.21	-19.68
page_21.bin raw	per-section	12	1021	58152	2816	6.40	-3.12
page_21.bin raw	per-section	13	1524	58152	30833	0.02	-10.00
page_21.bin raw	per-section	14	1589	58152	35687	0.84	-10.02
page_21.bin raw	per-section	15	3316	58152	30192	-61.77	-72.74
page_21.bin raw	continuous	7-15	12956	58152	40464	-894.43	-904.99
page_21.bin mod29	per-section	7	729	58152	20234	-6.97	-17.93
page_21.bin mod29	per-section	8	1145	58152	29435	-35.04	-46.00
page_21.bin mod29	per-section	9	1729	58152	25078	-86.50	-97.25
page_21.bin mod29	per-section	10	9	58152	792	0.59	-0.01
page_21.bin mod29	per-section	11	1894	58152	29933	-99.58	-110.46
page_21.bin mod29	per-section	12	1021	58152	26435	-28.25	-39.06
page_21.bin mod29	per-section	13	1524	58152	39754	-74.51	-84.81
page_21.bin mod29	per-section	14	1589	58152	8972	-79.24	-89.21
page_21.bin mod29	per-section	15	3316	58152	41608	-213.66	-223.96
page_21.bin mod29	continuous	7-15	12956	58152	20606	-659.02	-669.93
page_43.bin raw	per-section	7	729	58152	53997	8.17	-0.89
page_43.bin raw	per-section	8	1145	58152	18811	5.47	-4.50
page_43.bin raw	per-section	9	1729	58152	12651	-5.44	-15.38
page_43.bin raw	per-section	10	9	58152	838	0.59	-0.00
page_43.bin raw	per-section	11	1894	58152	27671	-6.92	-17.33
page_43.bin raw	per-section	12	1021	58152	48852	9.42	-1.25
page_43.bin raw	per-section	13	1524	58152	27060	5.96	-4.93
page_43.bin raw	per-section	14	1589	58152	11910	-0.13	-10.93
page_43.bin raw	per-section	15	3316	58152	18149	-65.08	-75.68
page_43.bin raw	continuous	7-15	12956	58152	19169	-884.84	-895.79
page_43.bin mod29	per-section	7	729	58152	11144	-11.53	-21.51
page_43.bin mod29	per-section	8	1145	58152	7128	-41.29	-51.66
page_43.bin mod29	per-section	9	1729	58152	25187	-90.18	-100.63
page_43.bin mod29	per-section	10	9	58152	792	0.59	-0.01
page_43.bin mod29	per-section	11	1894	58152	30516	-88.51	-99.17
page_43.bin mod29	per-section	12	1021	58152	1254	-25.63	-36.55
page_43.bin mod29	per-section	13	1524	58152	48702	-77.35	-87.33
page_43.bin mod29	per-section	14	1589	58152	33605	-77.16	-87.23
page_43.bin mod29	per-section	15	3316	58152	48521	-210.13	-221.10
page_43.bin mod29	continuous	7-15	12956	58152	36636	-647.70	-658.64
page_21.bin reject29	per-section	7	729	52798	23748	-10.08	-20.65
page_21.bin reject29	per-section	8	1145	52798	44894	-38.75	-48.89
page_21.bin reject29	per-section	9	1729	52798	48914	-85.95	-96.79
page_21.bin reject29	per-section	10	9	52798	713	0.59	-0.01
page_21.bin reject29	per-section	11	1894	52798	36623	-96.23	-107.10
page_21.bin reject29	per-section	12	1021	52798	37449	-28.60	-39.42
page_21.bin reject29	per-section	13	1524	52798	5238	-72.76	-83.63
page_21.bin reject29	per-section	14	1589	52798	6065	-77.20	-87.67
page_21.bin reject29	per-section	15	3316	52798	1910	-219.47	-229.96
page_21.bin reject29	continuous	7-15	12956	52798	6998	-661.48	-671.31
page_17.bin reject29	per-section	7	729	52705	26907	-9.69	-20.19
page_17.bin reject29	per-section	8	1145	52705	18448	-38.48	-48.02
page_17.bin reject29	per-section	9	1729	52705	19389	-84.41	-95.08
page_17.bin reject29	per-section	10	9	52705	713	0.59	-0.01
page_17.bin reject29	per-section	11	1894	52705	40085	-107.70	-117.42
page_17.bin reject29	per-section	12	1021	52705	26640	-32.81	-42.51
page_17.bin reject29	per-section	13	1524	52705	20787	-60.24	-71.11
page_17.bin reject29	per-section	14	1589	52705	22595	-79.33	-89.56
page_17.bin reject29	per-section	15	3316	52705	36192	-212.24	-223.00
page_17.bin reject29	continuous	7-15	12956	52705	29839	-659.57	-670.14
page_43.bin reject29	per-section	7	729	52689	17561	-9.20	-19.87
page_43.bin reject29	per-section	8	1145	52689	30524	-35.05	-45.84
page_43.bin reject29	per-section	9	1729	52689	17656	-83.77	-94.64
page_43.bin reject29	per-section	10	9	52689	713	0.59	-0.01
page_43.bin reject29	per-section	11	1894	52689	32510	-96.67	-107.53
page_43.bin reject29	per-section	12	1021	52689	6769	-27.54	-38.26
page_43.bin reject29	per-section	13	1524	52689	22309	-71.22	-82.07
page_43.bin reject29	per-section	14	1589	52689	30942	-75.95	-86.58
page_43.bin reject29	per-section	15	3316	52689	41072	-215.21	-225.95
page_43.bin reject29	continuous	7-15	12956	52689	14721	-654.07	-664.26
self_reliance letters	per-section	7	729	43828	38780	-21.43	-31.21
self_reliance letters	per-section	8	1145	43828	13405	-42.60	-53.28
self_reliance letters	per-section	9	1729	43828	21102	-83.59	-94.28
self_reliance letters	per-section	10	9	43828	1287	0.59	-0.00
self_reliance letters	per-section	11	1894	43828	41433	-96.56	-107.24
self_reliance letters	per-section	12	1021	43828	40114	-40.34	-50.20
self_reliance letters	per-section	13	1524	43828	1847	-71.97	-82.65
self_reliance letters	per-section	14	1589	43828	42773	-83.28	-92.92
self_reliance letters	per-section	15	3316	43828	35233	-188.29	-198.17
self_reliance letters	continuous	7-15	12956	43828	43332	-494.82	-505.50
primes mod29	per-section	7	729	25912	23190	-10.53	-20.49
primes mod29	per-section	8	1145	25912	11326	-34.82	-44.98
primes mod29	per-section	9	1729	25912	20506	-90.15	-99.40
primes mod29	per-section	10	9	25912	473	0.59	0.00
primes mod29	per-section	11	1894	25912	5751	-102.95	-112.44
primes mod29	per-section	12	1021	25912	15789	-29.35	-39.14
primes mod29	per-section	13	1524	25912	20501	-72.91	-82.90
primes mod29	per-section	14	1589	25912	22195	-73.67	-83.82
primes mod29	per-section	15	3316	25912	21528	-220.08	-229.45
primes mod29	continuous	7-15	12956	25912	9918	-645.76	-655.75
liber_al_vel_legis letters	per-section	7	729	8752	2396	-24.05	-32.58
liber_al_vel_legis letters	per-section	8	1145	8752	3680	-49.66	-58.59
liber_al_vel_legis letters	per-section	9	1729	8752	2881	-91.74	-100.62
liber_al_vel_legis letters	per-section	10	9	8752	225	0.59	0.00
liber_al_vel_legis letters	per-section	11	1894	8752	7150	-109.40	-117.82
liber_al_vel_legis letters	per-section	12	1021	8752	7794	-38.02	-47.00
liber_al_vel_legis letters	per-section	13	1524	8752	956	-83.39	-92.38
liber_al_vel_legis letters	per-section	14	1589	8752	6388	-83.00	-92.05
liber_al_vel_legis letters	per-section	15	3316	8752	5610	-186.91	-195.98
liber_al_vel_legis letters	continuous	7-15	12956	8752	5725	-510.22	-518.51
hint raw	per-section	7	729	3368	2807	5.68	-1.59
hint raw	per-section	8	1145	3368	2002	1.26	-6.42
hint raw	per-section	9	1729	3368	3030	-13.95	-20.95
hint raw	per-section	10	9	3368	1651	0.59	-0.00
hint raw	per-section	11	1894	3368	2189	-17.14	-25.09
hint raw	per-section	12	1021	3368	2812	2.39	-4.88
hint raw	per-section	13	1524	3368	2859	-5.71	-13.27
hint raw	per-section	14	1589	3368	1037	-4.59	-12.63
hint raw	per-section	15	3316	3368	3009	-77.61	-85.40
hint raw	continuous	7-15	12956	3368	1988	-928.09	-936.16
hint mod29	per-section	7	729	3368	2008	-19.80	-27.13
hint mod29	per-section	8	1145	3368	2092	-41.75	-49.48
hint mod29	per-section	9	1729	3368	1397	-88.19	-96.31
hint mod29	per-section	10	9	3368	469	0.59	-0.01
hint mod29	per-section	11	1894	3368	1972	-107.65	-115.77
hint mod29	per-section	12	1021	3368	3198	-35.96	-43.82
hint mod29	per-section	13	1524	3368	945	-81.75	-89.09
hint mod29	per-section	14	1589	3368	3047	-86.10	-93.62
hint mod29	per-section	15	3316	3368	251	-228.59	-236.69
hint mod29	continuous	7-15	12956	3368	2666	-667.96	-676.08
hint-reversed raw	per-section	7	729	3368	3105	7.00	-0.51
hint-reversed raw	per-section	8	1145	3368	1885	2.45	-4.69
hint-reversed raw	per-section	9	1729	3368	2793	-8.20	-16.09
hint-reversed raw	per-section	10	9	3368	387	0.59	-0.00
hint-reversed raw	per-section	11	1894	3368	1898	-13.94	-21.74
hint-reversed raw	per-section	12	1021	3368	2831	2.30	-4.73
hint-reversed raw	per-section	13	1524	3368	1200	-6.88	-14.37
hint-reversed raw	per-section	14	1589	3368	662	-7.18	-14.67
hint-reversed raw	per-section	15	3316	3368	2987	-76.35	-84.28
hint-reversed raw	continuous	7-15	12956	3368	794	-931.66	-938.92
hint-reversed mod29	per-section	7	729	3368	1364	-13.13	-21.15
hint-reversed mod29	per-section	8	1145	3368	2757	-46.59	-54.13
hint-reversed mod29	per-section	9	1729	3368	3067	-99.48	-107.22
hint-reversed mod29	per-section	10	9	3368	518	0.59	-0.01
hint-reversed mod29	per-section	11	1894	3368	1927	-111.55	-119.67
hint-reversed mod29	per-section	12	1021	3368	117	-33.34	-41.46
hint-reversed mod29	per-section	13	1524	3368	1200	-87.01	-94.71
hint-reversed mod29	per-section	14	1589	3368	2080	-78.55	-86.67
hint-reversed mod29	per-section	15	3316	3368	3051	-232.40	-240.14
hint-reversed mod29	continuous	7-15	12956	3368	2100	-667.76	-675.79
plaintext rune	per-section	7	729	2901	1321	-21.25	-29.21
plaintext rune	per-section	8	1145	2901	1335	-46.74	-54.69
plaintext rune	per-section	9	1729	2901	800	-96.21	-104.15
plaintext rune	per-section	10	9	2901	691	0.59	-0.01
plaintext rune	per-section	11	1894	2901	1411	-112.22	-119.32
plaintext rune	per-section	12	1021	2901	916	-43.57	-51.51
plaintext rune	per-section	13	1524	2901	1241	-88.84	-95.87
plaintext rune	per-section	14	1589	2901	140	-82.89	-90.87
plaintext rune	per-section	15	3316	2901	395	-206.76	-214.41
plaintext rune	continuous	7-15	12956	2901	326	-534.79	-542.77
plaintext prime-mod29	per-section	7	729	2901	1321	-25.37	-32.96
plaintext prime-mod29	per-section	8	1145	2901	2714	-53.79	-61.46
plaintext prime-mod29	per-section	9	1729	2901	2332	-102.07	-109.77
plaintext prime-mod29	per-section	10	9	2901	691	0.59	-0.01
plaintext prime-mod29	per-section	11	1894	2901	851	-114.63	-122.35
plaintext prime-mod29	per-section	12	1021	2901	1793	-52.46	-59.86
plaintext prime-mod29	per-section	13	1524	2901	1241	-93.31	-100.23
plaintext prime-mod29	per-section	14	1589	2901	140	-87.16	-95.12
plaintext prime-mod29	per-section	15	3316	2901	551	-197.96	-205.38
plaintext prime-mod29	continuous	7-15	12956	2901	1043	-483.70	-490.74
deor_poem letters	per-section	7	729	2389	603	-22.68	-30.46
deor_poem letters	per-section	8	1145	2389	1662	-53.94	-61.26
deor_poem letters	per-section	9	1729	2389	134	-95.60	-103.38
deor_poem letters	per-section	10	9	2389	262	0.59	-0.00
deor_poem letters	per-section	11	1894	2389	1092	-111.02	-118.07
deor_poem letters	per-section	12	1021	2389	646	-47.09	-54.37
deor_poem letters	per-section	13	1524	2389	1725	-88.66	-96.03
deor_poem letters	per-section	14	1589	2389	1198	-88.83	-96.61
deor_poem letters	per-section	15	3316	2389	315	-198.69	-206.46
deor_poem letters	continuous	7-15	12956	2389	1411	-532.14	-539.92
