key	kind	runes	seed	phase	best_phase	log_mean_lr
emerson_essays letters	positive	729	0	371883	371883	86.72
emerson_essays letters	negative	729	0	371883	-1	-9.76
emerson_essays letters	positive	729	1	381514	381514	84.15
emerson_essays letters	negative	729	1	381514	-1	-10.88
emerson_essays letters	positive	1894	0	259956	259956	373.96
emerson_essays letters	negative	1894	0	259956	-1	-67.70
emerson_essays letters	positive	1894	1	400327	400327	374.72
emerson_essays letters	negative	1894	1	400327	-1	-70.76
emerson_essays letters	positive	12956	0	309629	309629	4116.55
emerson_essays letters	negative	12956	0	309629	-1	-55.71
emerson_essays letters	positive	12956	1	238776	238776	4173.15
emerson_essays letters	negative	12956	1	238776	-1	-272.03
page_17.bin raw	positive	729	0	11670	11670	-1.44
page_17.bin raw	negative	729	0	11670	-1	-1.16
page_17.bin raw	positive	729	1	4559	4559	3.08
page_17.bin raw	negative	729	1	4559	-1	1.08
page_17.bin raw	positive	1894	0	57786	57786	36.24
page_17.bin raw	negative	1894	0	57786	-1	-11.31
page_17.bin raw	positive	1894	1	1433	1433	38.80
page_17.bin raw	negative	1894	1	1433	-1	-14.12
page_17.bin raw	positive	12956	0	35688	35688	1710.87
page_17.bin raw	negative	12956	0	35688	-1	-899.39
page_17.bin raw	positive	12956	1	55971	55971	1768.97
page_17.bin raw	negative	12956	1	55971	-1	-865.84
page_17.bin mod29	positive	729	0	1105	1105	40.21
page_17.bin mod29	negative	729	0	1105	-1	-14.73
page_17.bin mod29	positive	729	1	23533	23533	49.45
page_17.bin mod29	negative	729	1	23533	-1	-10.01
page_17.bin mod29	positive	1894	0	1287	1287	282.06
page_17.bin mod29	negative	1894	0	1287	-1	-102.74
page_17.bin mod29	positive	1894	1	25290	25290	253.24
page_17.bin mod29	negative	1894	1	25290	-1	-77.25
page_17.bin mod29	positive	12956	0	34510	34510	3912.39
page_17.bin mod29	negative	12956	0	34510	-1	-516.89
page_17.bin mod29	positive	12956	1	33543	33543	3862.95
page_17.bin mod29	negative	12956	1	33543	-1	-535.02
page_21.bin raw	positive	729	0	40936	40936	-0.51
page_21.bin raw	negative	729	0	40936	-1	-0.44
page_21.bin raw	positive	729	1	53054	10128	-0.53
page_21.bin raw	negative	729	1	53054	-1	-1.23
page_21.bin raw	positive	1894	0	39770	39770	34.65
page_21.bin raw	negative	1894	0	39770	-1	-20.92
page_21.bin raw	positive	1894	1	54375	54375	48.68
page_21.bin raw	negative	1894	1	54375	-1	-18.31
page_21.bin raw	positive	12956	0	36159	36159	1659.87
page_21.bin raw	negative	12956	0	36159	-1	-888.24
page_21.bin raw	positive	12956	1	10536	10536	1658.96
page_21.bin raw	negative	12956	1	10536	-1	-884.56
page_21.bin mod29	positive	729	0	1492	1492	49.20
page_21.bin mod29	negative	729	0	1492	-1	-9.67
page_21.bin mod29	positive	729	1	52864	52864	36.10
page_21.bin mod29	negative	729	1	52864	-1	-9.10
page_21.bin mod29	positive	1894	0	22325	22325	255.51
page_21.bin mod29	negative	1894	0	22325	-1	-87.91
page_21.bin mod29	positive	1894	1	33873	33873	243.84
page_21.bin mod29	negative	1894	1	33873	-1	-86.90
page_21.bin mod29	positive	12956	0	30722	30722	3837.37
page_21.bin mod29	negative	12956	0	30722	-1	-464.54
page_21.bin mod29	positive	12956	1	15684	15684	3904.95
page_21.bin mod29	negative	12956	1	15684	-1	-477.14
page_43.bin raw	positive	729	0	32690	32690	-0.22
page_43.bin raw	negative	729	0	32690	-1	-0.68
page_43.bin raw	positive	729	1	22910	22858	0.02
page_43.bin raw	negative	729	1	22910	-1	-0.78
page_43.bin raw	positive	1894	0	44845	44845	37.58
page_43.bin raw	negative	1894	0	44845	-1	-21.76
page_43.bin raw	positive	1894	1	52928	52928	56.34
page_43.bin raw	negative	1894	1	52928	-1	-18.75
page_43.bin raw	positive	12956	0	53124	53124	1708.61
page_43.bin raw	negative	12956	0	53124	-1	-879.84
page_43.bin raw	positive	12956	1	47192	47192	1729.90
page_43.bin raw	negative	12956	1	47192	-1	-865.23
page_43.bin mod29	positive	729	0	55248	55248	39.43
page_43.bin mod29	negative	729	0	55248	-1	-14.14
page_43.bin mod29	positive	729	1	44921	44921	54.76
page_43.bin mod29	negative	729	1	44921	-1	-12.13
page_43.bin mod29	positive	1894	0	31652	31652	285.82
page_43.bin mod29	negative	1894	0	31652	-1	-82.56
page_43.bin mod29	positive	1894	1	902	902	249.37
page_43.bin mod29	negative	1894	1	902	-1	-95.39
page_43.bin mod29	positive	12956	0	6217	6217	3824.51
page_43.bin mod29	negative	12956	0	6217	-1	-527.36
page_43.bin mod29	positive	12956	1	57458	57458	3929.93
page_43.bin mod29	negative	12956	1	57458	-1	-462.62
page_21.bin reject29	positive	729	0	38734	38734	39.66
page_21.bin reject29	negative	729	0	38734	-1	-4.84
page_21.bin reject29	positive	729	1	35974	35974	57.25
page_21.bin reject29	negative	729	1	35974	-1	-13.49
page_21.bin reject29	positive	1894	0	48161	48161	291.51
page_21.bin reject29	negative	1894	0	48161	-1	-93.99
page_21.bin reject29	positive	1894	1	44768	44768	260.97
page_21.bin reject29	negative	1894	1	44768	-1	-94.96
page_21.bin reject29	positive	12956	0	9847	9847	3910.46
page_21.bin reject29	negative	12956	0	9847	-1	-509.67
page_21.bin reject29	positive	12956	1	38082	38082	3891.93
page_21.bin reject29	negative	12956	1	38082	-1	-468.32
page_17.bin reject29	positive	729	0	46050	46050	41.66
page_17.bin reject29	negative	729	0	46050	-1	-12.40
page_17.bin reject29	positive	729	1	5238	5238	36.08
page_17.bin reject29	negative	729	1	5238	-1	-13.61
page_17.bin reject29	positive	1894	0	38761	38761	260.91
page_17.bin reject29	negative	1894	0	38761	-1	-103.08
page_17.bin reject29	positive	1894	1	51843	51843	254.10
page_17.bin reject29	negative	1894	1	51843	-1	-83.23
page_17.bin reject29	positive	12956	0	42053	42053	3875.96
page_17.bin reject29	negative	12956	0	42053	-1	-473.57
page_17.bin reject29	positive	12956	1	41046	41046	3853.07
page_17.bin reject29	negative	12956	1	41046	-1	-489.92
page_43.bin reject29	positive	729	0	36832	36832	46.04
page_43.bin reject29	negative	729	0	36832	-1	-15.27
page_43.bin reject29	positive	729	1	26835	26835	31.79
page_43.bin reject29	negative	729	1	26835	-1	-4.83
page_43.bin reject29	positive	1894	0	17120	17120	258.52
page_43.bin reject29	negative	1894	0	17120	-1	-96.44
page_43.bin reject29	positive	1894	1	32841	32841	237.68
page_43.bin reject29	negative	1894	1	32841	-1	-94.08
page_43.bin reject29	positive	12956	0	26828	26828	3870.83
page_43.bin reject29	negative	12956	0	26828	-1	-443.40
page_43.bin reject29	positive	12956	1	25543	25543	3821.49
page_43.bin reject29	negative	12956	1	25543	-1	-450.09
self_reliance letters	positive	729	0	15789	15789	87.29
self_reliance letters	negative	729	0	15789	-1	-13.56
self_reliance letters	positive	729	1	8480	8480	61.23
self_reliance letters	negative	729	1	8480	-1	-10.40
self_reliance letters	positive	1894	0	40490	40490	371.16
self_reliance letters	negative	1894	0	40490	-1	-99.54
self_reliance letters	positive	1894	1	8391	8391	347.49
self_reliance letters	negative	1894	1	8391	-1	-75.30
self_reliance letters	positive	12956	0	15416	15416	4176.28
self_reliance letters	negative	12956	0	15416	-1	-278.04
self_reliance letters	positive	12956	1	18410	18410	4131.58
self_reliance letters	negative	12956	1	18410	-1	-232.27
primes mod29	positive	729	0	22998	22998	45.98
primes mod29	negative	729	0	22998	-1	-17.79
primes mod29	positive	729	1	20690	20690	51.12
primes mod29	negative	729	1	20690	-1	-6.42
primes mod29	positive	1894	0	10418	10418	274.95
primes mod29	negative	1894	0	10418	-1	-107.47
primes mod29	positive	1894	1	18323	18323	272.91
primes mod29	negative	1894	1	18323	-1	-99.35
primes mod29	positive	12956	0	14054	14054	3939.95
primes mod29	negative	12956	0	14054	-1	-483.78
primes mod29	positive	12956	1	17717	17717	3894.38
primes mod29	negative	12956	1	17717	-1	-430.24
liber_al_vel_legis letters	positive	729	0	4475	4475	76.84
liber_al_vel_legis letters	negative	729	0	4475	-1	-17.70
liber_al_vel_legis letters	positive	729	1	4289	4289	90.55
liber_al_vel_legis letters	negative	729	1	4289	-1	-16.76
liber_al_vel_legis letters	positive	1894	0	659	659	361.35
liber_al_vel_legis letters	negative	1894	0	659	-1	-69.40
liber_al_vel_legis letters	positive	1894	1	3674	3674	349.04
liber_al_vel_legis letters	negative	1894	1	3674	-1	-74.16
liber_al_vel_legis letters	positive	12956	0	3356	3356	4153.38
liber_al_vel_legis letters	negative	12956	0	3356	-1	53.49
liber_al_vel_legis letters	positive	12956	1	5022	5022	4149.75
liber_al_vel_legis letters	negative	12956	1	5022	-1	-277.04
hint raw	positive	729	0	770	459	0.28
hint raw	negative	729	0	770	-1	-1.06
hint raw	positive	729	1	549	549	1.19
hint raw	negative	729	1	549	-1	-2.29
hint raw	positive	1894	0	742	742	28.85
hint raw	negative	1894	0	742	-1	-21.31
hint raw	positive	1894	1	2527	2527	44.97
hint raw	negative	1894	1	2527	-1	-22.79
hint raw	positive	12956	0	1213	1213	1678.10
hint raw	negative	12956	0	1213	-1	-773.20
hint raw	positive	12956	1	1689	1689	1746.99
hint raw	negative	12956	1	1689	-1	-709.93
hint mod29	positive	729	0	1765	1765	43.48
hint mod29	negative	729	0	1765	-1	-15.66
hint mod29	positive	729	1	1972	1972	34.84
hint mod29	negative	729	1	1972	-1	-19.76
hint mod29	positive	1894	0	1016	1016	282.01
hint mod29	negative	1894	0	1016	-1	-114.79
hint mod29	positive	1894	1	2499	2499	268.38
hint mod29	negative	1894	1	2499	-1	-108.20
hint mod29	positive	12956	0	573	573	3864.27
hint mod29	negative	12956	0	573	-1	-431.51
hint mod29	positive	12956	1	2927	2927	3850.96
hint mod29	negative	12956	1	2927	-1	-472.88
hint-reversed raw	positive	729	0	3084	3084	1.00
hint-reversed raw	negative	729	0	3084	-1	-0.87
hint-reversed raw	positive	729	1	2610	2610	15.71
hint-reversed raw	negative	729	1	2610	-1	-2.13
hint-reversed raw	positive	1894	0	1171	1171	17.61
hint-reversed raw	negative	1894	0	1171	-1	-25.43
hint-reversed raw	positive	1894	1	3188	3188	51.94
hint-reversed raw	negative	1894	1	3188	-1	-26.50
hint-reversed raw	positive	12956	0	711	711	1756.48
hint-reversed raw	negative	12956	0	711	-1	-677.18
hint-reversed raw	positive	12956	1	2526	2526	1700.68
hint-reversed raw	negative	12956	1	2526	-1	-742.17
hint-reversed mod29	positive	729	0	2160	2160	30.26
hint-reversed mod29	negative	729	0	2160	-1	-19.99
hint-reversed mod29	positive	729	1	2809	2809	39.47
hint-reversed mod29	negative	729	1	2809	-1	-22.58
hint-reversed mod29	positive	1894	0	2931	2931	308.08
hint-reversed mod29	negative	1894	0	2931	-1	-104.25
hint-reversed mod29	positive	1894	1	310	310	297.39
hint-reversed mod29	negative	1894	1	310	-1	-107.12
hint-reversed mod29	positive	12956	0	3183	3183	3889.47
hint-reversed mod29	negative	12956	0	3183	-1	-495.42
hint-reversed mod29	positive	12956	1	305	305	3883.88
hint-reversed mod29	negative	12956	1	305	-1	-500.77
plaintext rune	positive	729	0	1878	1878	92.58
plaintext rune	negative	729	0	1878	-1	-20.46
plaintext rune	positive	729	1	2153	2153	97.45
plaintext rune	negative	729	1	2153	-1	-16.50
plaintext rune	positive	1894	0	2235	2235	329.68
plaintext rune	negative	1894	0	2235	-1	-90.16
plaintext rune	positive	1894	1	489	489	317.02
plaintext rune	negative	1894	1	489	-1	-81.50
plaintext rune	positive	12956	0	2694	2694	4095.54
plaintext rune	negative	12956	0	2694	-1	-180.80
plaintext rune	positive	12956	1	640	640	4086.13
plaintext rune	negative	12956	1	640	-1	-266.52
plaintext prime-mod29	positive	729	0	2587	2587	103.35
plaintext prime-mod29	negative	729	0	2587	-1	-23.17
plaintext prime-mod29	positive	729	1	2345	2345	92.24
plaintext prime-mod29	negative	729	1	2345	-1	-18.84
plaintext prime-mod29	positive	1894	0	360	360	385.07
plaintext prime-mod29	negative	1894	0	360	-1	-81.47
plaintext prime-mod29	positive	1894	1	926	926	356.83
plaintext prime-mod29	negative	1894	1	926	-1	-78.91
plaintext prime-mod29	positive	12956	0	1717	1717	4191.98
plaintext prime-mod29	negative	12956	0	1717	-1	-32.94
plaintext prime-mod29	positive	12956	1	1359	1359	4210.95
plaintext prime-mod29	negative	12956	1	1359	-1	-173.13
deor_poem letters	positive	729	0	1257	1257	72.24
deor_poem letters	negative	729	0	1257	-1	-21.81
deor_poem letters	positive	729	1	1036	1036	75.23
deor_poem letters	negative	729	1	1036	-1	-23.53
deor_poem letters	positive	1894	0	1536	1536	341.44
deor_poem letters	negative	1894	0	1536	-1	-95.98
deor_poem letters	positive	1894	1	174	174	355.27
deor_poem letters	negative	1894	1	174	-1	-100.84
deor_poem letters	positive	12956	0	1557	1557	4077.69
deor_poem letters	negative	12956	0	1557	-1	-271.20
deor_poem letters	positive	12956	1	1031	1031	4114.76
deor_poem letters	negative	12956	1	1031	-1	-307.66
emerson_essays letters	lp2-null	12956	0	-1	423902	-499.78
page_17.bin raw	lp2-null	12956	0	-1	42375	-887.20
page_17.bin mod29	lp2-null	12956	0	-1	15682	-648.37
page_21.bin raw	lp2-null	12956	0	-1	27131	-884.30
page_21.bin mod29	lp2-null	12956	0	-1	40495	-652.26
page_43.bin raw	lp2-null	12956	0	-1	41450	-903.83
page_43.bin mod29	lp2-null	12956	0	-1	10115	-663.55
page_21.bin reject29	lp2-null	12956	0	-1	10044	-668.39
page_17.bin reject29	lp2-null	12956	0	-1	40562	-670.60
page_43.bin reject29	lp2-null	12956	0	-1	20285	-665.08
self_reliance letters	lp2-null	12956	0	-1	43452	-511.17
primes mod29	lp2-null	12956	0	-1	7785	-651.95
liber_al_vel_legis letters	lp2-null	12956	0	-1	885	-520.00
hint raw	lp2-null	12956	0	-1	414	-912.28
hint mod29	lp2-null	12956	0	-1	2330	-673.27
hint-reversed raw	lp2-null	12956	0	-1	397	-928.86
hint-reversed mod29	lp2-null	12956	0	-1	3335	-669.12
plaintext rune	lp2-null	12956	0	-1	2301	-540.97
plaintext prime-mod29	lp2-null	12956	0	-1	2495	-489.50
deor_poem letters	lp2-null	12956	0	-1	2203	-549.41
